,금지어
0,병시같은
1,쒸빨
2,와레즈게임
3,청산가리
4,쉬벌
5,섹스노예
6,미란다성인섹스샵
7,hentai
8,봉숙이야동
9,아갈빡
10,러브젤
11,포르노CINEMA
12,쉬이불
13,섹스지존
14,섹스씬
15,좀만이
16,십팔
17,sora's
18,패드립
19,sibal
20,좆물
21,스펄
22,게시판와레즈
23,조깟
24,슴가
25,똥걸레
26,sex1818
27,게시판아동
28,胸無い
29,성과섹스
30,섹스야호
31,자슥아
32,정우성인용품전문점
33,음악샵
34,빠굴
35,섹스투데이
36,쌍년
37,ジャップ
38,가자미아리
39,후라덜
40,노예
41,떡치냐
42,메니져
43,조빠라라
44,모바일몰
45,조살할
46,떡질
47,뇬
48,레즈비언
49,서양동영상
50,함소원누드
51,존x
52,マンコ
53,육깝
54,まぬけもの
55,허볼
56,ㅈ7
57,좋은생활성인용품
58,쓰팔
59,섹스제팬
60,세븐섹시
61,제이제이일본성인만화
62,퍼르노
63,불쌍한년
64,クズ
65,섹걸닷컴
66,섹스찌찌닷콤
67,캐시스파이더
68,블로거
69,러브호텔
70,썩을년
71,잡쥑일
72,뇌물현
73,벅큐
74,야한놈SEX
75,気違い
76,ㅈㄹ
77,시1
78,포르노로
79,플레이보이2030
80,야동자료실
81,새색히
82,王八羔子
83,가자러브샵
84,허버리년
85,개지랄
86,권민중누드
87,씨보랄
88,ㅆl
89,무료성인
90,에로쇼
91,덥쳐보니
92,흙수저
93,soraguide
94,플레이보조개
95,성인자료실
96,ゴミ
97,야한영화
98,개새
99,시벌년
100,섹시클릭
101,화상섹
102,가가성인용품
103,쌍놈
104,no모
105,가이드성인쇼핑몰
106,けだものめ
107,테마가게
108,무료몰카
109,펜티
110,멜섭
111,코리아엑스파일
112,씨3
113,씨!
114,씹세
115,ssㅣ
116,Bojyty
117,시볼년
118,worldsex.com
119,펨돔
120,느개비
121,영계
122,씹같은년
123,개세이
124,你大爷
125,문재앙
126,성인번개
127,좇빠
128,창년
129,여자옷벗기기게임
130,불르거
131,깝싸네
132,쒸봘
133,폰쌕
134,레이싱걸
135,무비왕
136,개후레섹기
137,섹스존
138,ごろつき
139,IJ
140,빨통
141,성고민상담
142,놈들
143,쓰바랄
144,阿婆
145,돌대가리
146,쒸방
147,씨뷸
148,뽕알
149,넣어주라
150,섹시TV
151,케이섹스
152,知障
153,음반몰
154,씹세이
155,쉽알늠
156,자해
157,の犬
158,SEXY화상채팅
159,ぶっころす
160,라이브스트립
161,에로소라가이드
162,bestbozi
163,warez섹스
164,씁새
165,정세희
166,가보자성인용품
167,cunt
168,벗으
169,메로나섹스
170,따발시키
171,삼일한
172,고우섹스성인용품점
173,짬지
174,우랄
175,욕박
176,섹스잡지
177,ya애니
178,쌕쉬
179,live10tv
180,ㅈ5
181,뉘에비
182,젓부랄
183,스벌
184,조옷
185,타부코리아
186,sunginsite
187,어덜트TV
188,外道
189,스텝
190,좇
191,성인누드
192,씹부랄
193,보4지
194,ㅇ3
195,정사씬모음
196,쒸바라
197,ㅈH
198,누드모델
199,ㄴl
200,www.twistkim.com
201,sexy
202,몰카365
203,성인만화나라
204,삿깟시
205,엑윽엑엑
206,성현아누드
207,beheading
208,Molka섹스코리아
209,불르그
210,빨아줄래
211,씨이팔
212,성인시트콤
213,프리섹스샵
214,redneck
215,쌍쌍보지
216,니보2지
217,貧乳
218,부카케
219,야한만화
220,sexkorea
221,세희네쩜넷
222,辞めろ
223,대딸
224,ㅁl
225,yadong섹스코리아
226,일본동영상
227,쇼우망가
228,헨타이망가
229,존9
230,성인그리고섹스
231,성인퀸카
232,캐릭터몰
233,뉘애미
234,에로무비
235,왕버지
236,ㄴㄷㅎ
237,섹스영상
238,섹스파크
239,www.sexwal.com
240,야한쇼닷컴
241,왕따
242,nudcouple
243,좁빠라라
244,빠가씹새
245,変態
246,웅앵
247,아구지
248,족밥
249,엿간네
250,여자자위
251,쓰버얼
252,屌你老母
253,털뽑아
254,로리타
255,모두모아성인용품
256,hidden
257,보지먹기
258,기프트몰
259,에로샵
260,시이풀
261,숙모보지
262,유흥
263,아색기가
264,동양년
265,씨박년아
266,그라비아
267,성인서적
268,신음
269,쎄꺄
270,오르가즘
271,죽고싶
272,창뇬
273,쫍밥
274,나이스성인샵
275,tit
276,성인야설
277,섹스굿
278,에로팬티
279,포경
280,개쫓같은녀
281,십쉐이
282,メスブタ
283,殺す
284,시블
285,アメ公
286,뱅쉰세기
287,띠풀
288,벗기는고스톱
289,하소연
290,ㄱH
291,아이섹스스타
292,젖탱
293,仆街
294,자위기구
295,몸파라
296,게임머니
297,你妈死了
298,수음
299,ㄴ1
300,개쓰끼
301,불알
302,맛없는년
303,av배우
304,후장뚫어
305,드응신
306,가고파성인용품
307,듸랄
308,ksex.net
309,Korea포르노
310,엑윽
311,슨탄절
312,아9
313,섹스매거진
314,색폰
315,브라운와레즈
316,warez
317,오랄
318,싸질러
319,포르노테잎
320,핫섹스코리아
321,죷
322,써발
323,www.sex012.com
324,포르너
325,아이러브섹스
326,성인이미지
327,ㅅl
328,클리토리스
329,드림페티쉬
330,erosasia
331,이기야
332,스와핑몰카
333,보지마TV
334,꽁알
335,거지같은놈
336,씨7
337,미친년
338,야동
339,성보조기구
340,스발
341,damn
342,shit
343,변태
344,적까
345,새부
346,붕쒼쒜끼
347,のいぬ
348,포르노24시
349,GO588TV
350,개조랄
351,성인잡지
352,개세기
353,양갈보
354,마귀
355,욜리
356,뻐킹
357,다이섹스
358,제길알
359,따무
360,문란
361,슬림페티쉬
362,일본섹스
363,포르노테입
364,니기미
365,남녀섹시속옷
366,섹스체위
367,유두
368,씨구녕깔아
369,sexnipon
370,DQN
371,지7
372,그지
373,앰병
374,쒸붕
375,펨섭
376,오섹스야
377,븅신
378,성인전용관
379,색쓰
380,똥꼬
381,띠댕
382,항문
383,고객센타
384,광이보지
385,뵹신
386,에롱
387,빠가십새
388,마팍
389,쉽탱
390,성희롱
391,씹는소리
392,不細工
393,히로뿅
394,molcasexnipon
395,똘마니
396,섹스앤샵
397,발싸게
398,씹새끼
399,성인생방송
400,꺼져라
401,쉐끼
402,썅놈
403,^노^
404,우기와레즈
405,18
406,야시molca
407,sexwall.com
408,야근병동
409,후장
410,잡쌔
411,씌팍
412,십봉지같은년
413,whoissex
414,오이섹스
415,변태사이트
416,섹스엔바이
417,돌으
418,섹스홀
419,섹스프리덤
420,야한걸
421,에로섹스TV
422,색골
423,볼르그
424,간나
425,원조tv
426,야시꾸리
427,더러운년
428,뿌랄
429,쒸밸
430,씹탱구리
431,성인쇼핑몰
432,닭대가리
433,성인방송
434,연병할년
435,小兔崽子
436,존먹고
437,색녀
438,제미
439,버짓물
440,호로새끼
441,Molcanara
442,버지냄새
443,일본망가
444,바갈
445,야시25TV
446,adultvideo
447,이주현누드집
448,개1
449,ㅅ2발
450,가자섹스자료실
451,섹스도우미
452,엔에치앤
453,강쇠닷컴
454,니昌기
455,pornsex
456,sora'sguide
457,쉬다바리
458,트위스트김
459,치사한
460,ㅁr
461,누드112
462,playbozi
463,조전한
464,섹스코리아소라의가이드
465,몰카사진
466,섹스제이제이
467,미티넘
468,섹꺄
469,섹스영화
470,에로투유
471,hole
472,에로스토토
473,존2
474,시9
475,부라자
476,33sexymall
477,25라이브섹스
478,와레즈탑
479,성인야화
480,ㅈi
481,리얼에로
482,미췬놈
483,빨아줄
484,좆나게
485,까페몰
486,자1
487,엿먹어
488,성인미스랭크
489,씨X
490,빈야와레즈
491,김완선누드집
492,에로스아시아
493,에로클릭
494,내이버
495,pornoplayboy
496,ㄷH
497,씌팔
498,그룹섹스
499,시이붕
500,punch
501,二屄
502,포르노테이프
503,虚け
504,gocinepia
505,꼬께와레즈
506,볼르거
507,www.live10tv.com
508,ヅラ
509,섹스molca코리아
510,빨아줄까
511,틀래기
512,몸8
513,야시MTV
514,귀두
515,e1004
516,기레짜식
517,쪽빠리
518,슨삭절
519,와레즈용
520,molcaav
521,섹스모아TV
522,잠쥐
523,레즈
524,ぱんつ
525,섹스조선
526,누드쇼
527,그룹섹
528,나쁜세기
529,IJ생방송
530,섹스포르노
531,뒤져
532,白痴
533,섹스보조용품
534,화장실몰카
535,빡촌
536,돼지와레즈
537,조개벌려조
538,키위와레즈
539,씨댕구리
540,ㅅ!
541,チョッパリ
542,에로틱코리아
543,미천나
544,니엄창
545,매춘
546,씨브럴
547,라노비아섹스샵
548,섹스로봇
549,毛子
550,엑스노브라
551,자지빨기
552,남성전용
553,쓰으벌
554,아바타몰
555,게시판sex
556,性交
557,지랄
558,부부나라
559,따구리
560,시뿔알
561,빠규
562,ち◯こ
563,띠방
564,늬기미
565,시3
566,페팅
567,개새끼
568,69클럽TV
569,성인전용서비스
570,씨빨
571,개잣슥
572,성생활
573,에로앤섹스
574,tocam
575,슨상그라드
576,씨봉
577,息臭
578,띠빌
579,헤어누드
580,씨팔년
581,골빈
582,똥덩거리
583,ㅇ7
584,씨퐁
585,에로스TV
586,성인소라가이드
587,밑구녕
588,씹주구리
589,porno
590,씨이빨
591,후레
592,애좌
593,チョン
594,십년아
595,섹스소라가이드
596,갈보
597,개삽
598,링기미
599,비지니스클럽
600,꺼질래
601,SEXWAREZ
602,보오쥐
603,성인무료영화
604,에로69TV
605,joungyang
606,성인카툰
607,MF
608,씨불년
609,쉬뎅
610,에로게이트
611,低能
612,"메로나,성인"
613,좆
614,암베
615,조깟네
616,hardcore
617,개걸래
618,얘미럴
619,얨병
620,cㅣ
621,에로동영상
622,야한게임
623,베충이
624,가지와오이섹스샵
625,좆나
626,젓만아
627,몰래
628,섹스보드
629,급식충
630,くそ
631,벼엉쉰
632,멸망각
633,떡치기
634,에로스쿨
635,ㅍㅌㅊ
636,씨부댕
637,쉽알
638,성인갤러리
639,c팔
640,지8
641,섹시재팬
642,몰래보기
643,미아리588
644,섹스타임
645,세희네
646,성인무료
647,에로게임
648,빨간궁뎅이
649,뒤질래
650,瘪三
651,이혜영누드집
652,게색끼
653,X등급
654,함소원nude
655,섹시팅하자
656,뵨
657,sex4969
658,쉬이방
659,첫경험
660,빡울
661,니아범
662,개가튼
663,비잉신
664,ㅅㅂ
665,에로영화관
666,日你大爷
667,야하네
668,보.지
669,무료섹스페티쉬
670,뷰융신
671,섹스daum
672,操你家
673,bastard
674,渣男
675,찌랄
676,돌은
677,작은보지
678,개간년
679,러브하자성인용품
680,십2
681,IJSEX
682,니창자로리본묵어줄까
683,가인코리아성인용품
684,gay
685,쿨와레즈
686,sexkorea.net
687,뉴스트립
688,SEXYMAP
689,ㅈ!
690,24에로라이브
691,ㅈ3
692,남성자위기구
693,땡줌마
694,개쓰레기
695,띠팔
696,꼬추닷컴
697,live69tv
698,588
699,Pleyboy
700,쒸이
701,草你妈
702,오섹스테레비
703,섹스사이트
704,섹시
705,マン汁
706,씨벌
707,몸팔
708,sorasguide.com
709,띠뎅
710,보지따기
711,에로촬영현장
712,소라의섹스코리아가이드
713,쪼다
714,피임용품
715,OK섹스SHOW
716,섹스샵2080
717,엑스모텔
718,씨이이팔
719,젖꼭지
720,앤토이
721,달창
722,미췬
723,코리아섹스샵
724,suck
725,오케이섹스티비
726,칼라섹스
727,변태만화
728,소라야설공작소
729,너꼬츄뻔데긔
730,bozi
731,목자르는동영상
732,빠구리
733,쉬펄
734,가마성인쇼핑몰
735,야겜
736,벌료
737,씨끼
738,뷰웅신
739,성인플래시
740,ecstasy
741,똥년
742,두부 외상
743,야한그림
744,기프트샵
745,응딩이
746,ㅈ8
747,똥자루
748,미야리야동
749,섹스킴
750,씹팅
751,この のろまめ
752,조루
753,강한성인영화
754,쌕까
755,로리타.
756,바부와레즈
757,오그리쉬닷컴
758,Sexwal
759,이혜영누드
760,좇같
761,섹스molca
762,트위스트김섹스코리아
763,섹스포섹스티비
764,퓨전와레즈
765,니비
766,미쎄스터
767,누두
768,섹시코리아
769,신1음
770,쓰브러
771,야설의문
772,youngsex
773,코섹스넷
774,벌렁거려
775,야게임즈닷넷
776,씹새
777,버지쑤셔
778,망가
779,버지털
780,쌍욕
781,육시랄
782,molka
783,OK성인용품
784,가가섹스
785,벗찌
786,ハゲ
787,老化
788,PJ
789,성테크닉
790,포르노사진
791,쌕스
792,카패몰
793,좋나게
794,니조시다
795,성인
796,웹섹스코리아
797,번섹
798,싸질러줘
799,むかつく
800,무료야동
801,오마이에로
802,관1
803,바나나TV
804,야한소설
805,고객센터
806,조개살
807,우기의최강와레즈
808,니존이나
809,バカ
810,변태게임
811,섹스코리아라이브
812,소원누드
813,깝치네
814,맹상
815,미틴
816,ㅈ2
817,누드화보
818,야한이야기
819,스타킹포유
820,개x
821,쓰블년
822,쉐꺄
823,섹시나이트
824,아주가리
825,sex123
826,쇼킹섹스코리아
827,성인용
828,십8
829,ㅆㅏ
830,쩟까라
831,섹무비
832,절나
833,러브박사성인용품
834,까바
835,섹스하네
836,야동게시판
837,성인용품
838,젼나
839,섹1스
840,따무라야동
841,성인플래쉬
842,씹쌔기
843,좃
844,노오옴
845,냔들
846,やくたたず
847,여성성인용품
848,음경
849,섹스부인
850,신마담pds
851,MC무현
852,시이벌
853,육시럴
854,가슴쪼물락
855,10sextv
856,섹스마스터
857,자7
858,환향
859,소라의야설
860,new소라가이드
861,저까튼
862,阿呆
863,bdsm
864,100boG
865,시부랑
866,멀카
867,어덜트천사TV
868,넘들
869,씨부랭
870,와우섹스
871,별1창
872,채널레드TV
873,쌍년아
874,십7
875,쒸불
876,sexcorea
877,씹구녕
878,수면제
879,HardcorePorno
880,니애비
881,뮤직샵
882,원조가카
883,쇼킹섹스
884,개차반
885,시이발
886,twistkim
887,뒤로하기
888,아이제이섹스
889,가시나와레즈
890,몰캠
891,엿가치
892,리얼섹스플레이
893,뉘기미다
894,0줌마
895,걍간
896,디랄
897,대박성인토탈몰
898,맛간년
899,도쿄마나
900,내자지
901,니귀미
902,개딸
903,넣어보고싶다
904,허벌년
905,ㅈㄴ
906,10알년
907,뻐지
908,www.porno-tape.com
909,뽀르너
910,살까치
911,나나성인용품
912,쉐리
913,새키
914,섹시에로닷컴
915,접밥이
916,骚货
917,십스
918,찌져
919,색수
920,실리콘하우스성인용품
921,K양
922,shting
923,GO섹시클럽
924,새낀
925,버짓물마셔
926,ま◯こ
927,성방
928,おっぱい
929,변남
930,꼬붕
931,남성단련용품
932,십4
933,가슴빨아
934,옆기성인동영상
935,쎄끼
936,자3
937,씹보지
938,ぶっ殺す
939,촌닥
940,AV재팬
941,카패상점
942,년아
943,오나니
944,빨어봐
945,섹스조인
946,바구리
947,섹시섹스코리아
948,섹스무사
949,엄창
950,우미쑤셔
951,좆빠
952,걸레
953,콘돔
954,쓰바
955,우라질
956,함소원헤어누드
957,10알
958,야시꾸리닷컴
959,2c8
960,화양
961,야해요야동
962,족바리
963,무삭제원판
964,닌기미
965,염병
966,섹스와레즈
967,씨부리지
968,SEXPDS
969,뉘메씌블년
970,럭키성인몰
971,누드사진
972,빠구리야동
973,성욕
974,他奶奶
975,개롯
976,띠이풀
977,매독걸릴
978,젓같
979,엔에치엔
980,씹치
981,www.sex123.co.kr
982,럭키와레즈
983,nude
984,시4
985,씹자슥
986,막간년
987,무삭제
988,똥개
989,에니탑
990,앤에치엔
991,h양섹스비디오
992,병신
993,누드모델가능해
994,성인25시
995,쥬니버
996,어덜트탑10
997,쌍간나
998,섹스다크
999,재랄
1000,黑鬼
1001,팬티
1002,씨팔
1003,싸지른
1004,패고
1005,성인놀이문화
1006,씨이벌
1007,캠색
1008,69timepornsex
1009,4changamolca섹스코리아
1010,高丽棒子
1011,adultzon
1012,섹스갤러리
1013,두두섹스
1014,걸레년
1015,방깨
1016,섹스재팬만화
1017,너거애비
1018,깨쌔끼
1019,쉬발년
1020,이지현누드집
1021,에로시네마
1022,役立たず
1023,포르노업
1024,청산가
1025,패줘야
1026,싹쓰리닷컴
1027,등시나
1028,속옷
1029,개돼지
1030,꼴린
1031,보5지
1032,개씨비다
1033,뒤지라
1034,은빛갤러리
1035,섹스엠티비닷컴
1036,소라의야설가이드
1037,십녀
1038,얼빤한색
1039,섹스비디오
1040,쉽새
1041,씹쭈구리
1042,エタ
1043,포르노CNN
1044,뒈질래
1045,사타구니
1046,김마담성인쇼핑몰
1047,キチガイ
1048,불로깅
1049,绿绿
1050,변녀
1051,이반성인용품몰
1052,토탈에로
1053,인섹스69
1054,개보지
1055,좃만한년
1056,靠北
1057,즉여
1058,성인영화나라
1059,에로배우
1060,씨비랄
1061,존7
1062,쓰부러
1063,ㅎi
1064,무료망가
1065,포르노molca티비
1066,가슴만저
1067,씨뎅
1068,쌍녀
1069,빨아줘
1070,씹발
1071,섹스테잎
1072,러브섹시클럽
1073,시블년
1074,SEX로리타
1075,섹스코리아성인엽기
1076,개시캬
1077,ニグロ
1078,2040love
1079,정병
1080,가람섹스성인용품
1081,ぼんくら
1082,한녀충
1083,여고야동
1084,쎄끈
1085,니존났다
1086,씨댕
1087,씨부럴년
1088,섹스코리아넷
1089,빻았
1090,샹인
1091,찐찌
1092,까페상점
1093,섹시제펜
1094,썅넘
1095,띠이펄
1096,싹바가지
1097,f.u.c.k
1098,띠벌
1099,체위
1100,뭣같
1101,성인챗
1102,시방년
1103,훔바훔바
1104,여자누드
1105,섹스molka
1106,뽀큐
1107,어덜트10000
1108,Molca테이프
1109,미치
1110,sexkorea21
1111,씨허랄
1112,섹시동영상성생활
1113,색끼
1114,아바타샵
1115,sexmovie
1116,꼬라지
1117,조개보지
1118,싸고있음
1119,シナ
1120,어덜트랜드
1121,马子
1122,非国民
1123,膣屄
1124,돌아이
1125,성인영화
1126,가시나
1127,섹스헨타이
1128,섹시씨엔엔
1129,yesmolca
1130,음모
1131,니눌깔
1132,왕털버지
1133,日本鬼子
1134,쾌스천맨
1135,조껀눼
1136,ドキュン
1137,섹스포르노샵
1138,블루와레즈
1139,씨붕
1140,무료야설
1141,젓가슴
1142,색마
1143,sexbuin
1144,괘세캬
1145,소라스가이드
1146,동거사이트
1147,페이퍼
1148,코리아포로노
1149,근친상간
1150,덮쳐보니
1151,잡쓰레그
1152,섹스코리아걸
1153,씹미랄
1154,니좃이나
1155,소라야설
1156,애미잡년
1157,카페몰
1158,쇼킹동영상
1159,야시녀
1160,재수없는년
1161,MolcaTV
1162,엔젤두환
1163,뽈노
1164,야한누드
1165,ダメ人間
1166,섹시연예인
1167,イソギンチャク
1168,코섹스
1169,불르깅
1170,즐섹
1171,내버지
1172,死ね
1173,에로와이프
1174,니눈깔
1175,야한것
1176,딸딸
1177,메로나.co.kr
1178,벵신
1179,가면성인용품쇼핑몰
1180,븅쉰
1181,걸레핀
1182,나고야섹스미드머니
1183,에로시안닷컴
1184,쉬붕
1185,엔토이
1186,씨봘
1187,씹스
1188,씹텡
1189,씨벵
1190,뭉뒤
1191,씨파
1192,생식기
1193,아바타
1194,ㅗ
1195,미아리텍사스
1196,나쁜년
1197,인터넷성인방송
1198,미씨촌
1199,진도희
1200,보7지
1201,ogrish
1202,치사한년
1203,조가튼
1204,존1
1205,남성누드
1206,개쉐이
1207,포르노
1208,아2
1209,누드코리아
1210,보8지
1211,싸.가.지
1212,조쟁이.잠지.키스
1213,ㄴr
1214,에로시티
1215,포르노티비2580
1216,떡치는
1217,어덜트
1218,띠부랄
1219,섹쓰
1220,쒜이
1221,阿三
1222,올가즘
1223,세꺄
1224,雌豚
1225,놈아
1226,엑스터시
1227,몰카588
1228,포르노그라피
1229,뇌절
1230,음악몰
1231,조빠
1232,구라
1233,가슴만져
1234,권민중누드집
1235,쌔끈
1236,조깠
1237,심야TV
1238,twistkim.com
1239,포로노
1240,섹스코리아OK
1241,십5
1242,욕구
1243,가지와오이성인용품
1244,고추링
1245,섹시코디
1246,게시판섹스
1247,미튄
1248,개나리같은
1249,가자섹스몰
1250,십쒜이
1251,새낀가
1252,히로뽄
1253,빤츄
1254,www.sorasguide.com
1255,유두빨어
1256,섹스뮤직
1257,性欲
1258,누나몰카
1259,kgirlmolca
1260,띠블
1261,sexkoreasexkorea
1262,무료섹스
1263,다음섹스
1264,고객샌타
1265,うつけ
1266,띨빡
1267,저까
1268,야시캠
1269,찐따
1270,erosian
1271,야한밤티브이
1272,젖탱이
1273,멜섹
1274,페미
1275,앤애취앤
1276,오아시스걸
1277,네버섹스
1278,띠이팔
1279,kgirls
1280,carporno
1281,씨바갈
1282,씹사꾸
1283,야한동영상
1284,테마상점
1285,성인대화
1286,울트라소세지
1287,섹방
1288,환장한년아
1289,띠부럴
1290,성현아누드갤러리
1291,실벌
1292,무료성인사이트
1293,고혈압야동
1294,후라덜년
1295,졸피뎀
1296,야한사이트
1297,에로2002
1298,핑크코리아
1299,너그애미
1300,쇼킹에로
1301,douche
1302,니어미
1303,SEXJAPAN
1304,호루
1305,참수
1306,센스디스무비
1307,10팔새꺄
1308,똥깨
1309,왕털잠지
1310,십9
1311,씨벙쌔
1312,섹스벨리
1313,얼간이
1314,칠뜨기
1315,씨발넘
1316,발년
1317,까빠
1318,개쒜이
1319,쒸발년
1320,xx10tv
1321,바주카자지
1322,십세이
1323,센스디스
1324,에로스데이
1325,씹탱
1326,씨1
1327,젓만
1328,tprtm
1329,에로필름
1330,草泥马
1331,衰婆
1332,붕쉰
1333,여성자위시대
1334,개빡쳐
1335,씨섹끼
1336,씹쉐이
1337,섹스코리아하우스
1338,니고추
1339,젓만이
1340,브라자
1341,아4
1342,십부럴
1343,십팔금
1344,개뇬
1345,빤스
1346,HOTZONE
1347,조개속물
1348,씨부랑
1349,히로폰
1350,섹스포탈
1351,seecam
1352,음악상점
1353,난교
1354,허러섹키
1355,섹스molca코리아TV
1356,울트라섹스제팬
1357,에로비
1358,홈섹스TV
1359,h양비디오
1360,셩인
1361,싸앙뇽아
1362,조건만남
1363,野郞
1364,섹스테크닉
1365,남혐
1366,오케이섹스TV
1367,ちんこ
1368,샤먼와레즈
1369,박어
1370,단란주점
1371,스카이와레즈
1372,연예인누드
1373,씨이붕
1374,야껨
1375,선물몰
1376,몰래카메라
1377,조또
1378,IJ에로쇼
1379,섹스애니마나
1380,킬링티비
1381,캠섹
1382,노노티브이
1383,썩을눔
1384,포르노섹스마나
1385,어둠와레즈
1386,쓰발
1387,섹스호빠
1388,오섹스
1389,맛있는섹스
1390,妈逼
1391,nopants
1392,노브라TV
1393,디지털섹스조선
1394,노1출
1395,꼴리다
1396,에로세일
1397,섹스웰
1398,삽입
1399,스팔
1400,쌍아
1401,axiba
1402,싸발년
1403,개잡
1404,섹
1405,이혜영nude
1406,까자
1407,Bozicam
1408,10섹스티브이
1409,죶
1410,누드클럽
1411,ㅎl
1412,함소원누드보기
1413,智障
1414,조카튼
1415,붕신
1416,사창가
1417,아가리
1418,샤기
1419,모노섹스
1420,섹스닷컴
1421,패티시
1422,좇꼴리
1423,넣어줄래
1424,시뗑
1425,십사꾸
1426,おわい
1427,19cam
1428,무료포르노사이트
1429,야시
1430,존6
1431,sexy588
1432,人殺し
1433,니에미
1434,미친x
1435,69sex
1436,섹시걸
1437,쌕쑤
1438,전나게
1439,시!
1440,쥐전
1441,개썅
1442,씜쒜이
1443,여험
1444,죹
1445,넣어줄
1446,캐남
1447,교제알선
1448,허버리
1449,野郎
1450,섹스셀카
1451,야시걸
1452,호양
1453,성인영화관
1454,떠라이세키
1455,빨아주
1456,씨당구리
1457,idiot
1458,어덜트섹시성인영화관
1459,에로파크
1460,죤니
1461,섹스살롱
1462,블로깅
1463,erocine
1464,야시룸
1465,패줄
1466,섹시성인용품
1467,oralsextv
1468,포르노섹스TV
1469,포르노월드
1470,굿나잇TV
1471,씹쌔
1472,개족새
1473,섹스일기
1474,打っ殺す
1475,싸발
1476,c발
1477,씨누드21
1478,씨이발
1479,더런
1480,오레즈와레즈
1481,성체위
1482,ㅅㅃ
1483,자살
1484,백지영몰카
1485,탈빠
1486,시벨
1487,썅
1488,플래이보이
1489,니그메
1490,심한포르노
1491,포노
1492,기집
1493,씹하다
1494,쌍보지
1495,쪽바리
1496,kingsex
1497,변강쇠
1498,오렌지야동
1499,섹스심리
1500,靠爸靠母
1501,싸고있네
1502,포르노세상
1503,bubunara
1504,바이엔에로
1505,원조교제
1506,개에색기
1507,띱때루
1508,최음제
1509,AdultSearch
1510,AV갤러리
1511,쉬방
1512,핫섹스재팬
1513,빠꾸리
1514,씨브랄
1515,성인배우
1516,섹스왈
1517,섀꺄
1518,다보자성인영화관
1519,개소리
1520,씌벌
1521,섹스코리아소라가이드
1522,월드섹스
1523,병시같은년
1524,게쉑
1525,ㅅㅐ
1526,남자누드
1527,쓰부럴
1528,さんした
1529,뻐르노
1530,보2지
1531,쑤시자
1532,씨8
1533,疯子
1534,NEVER-SEX
1535,돌아이쌔꺄
1536,족밥색기
1537,플레이보이온라인
1538,스쿨걸
1539,스벌넘
1540,젓빱
1541,笨蛋
1542,愛液
1543,시팍
1544,아8
1545,PENNIS
1546,할인쿠폰
1547,고섹스PORNO
1548,포르노TV
1549,18넘
1550,거시기
1551,성인자료
1552,패자
1553,池沼
1554,섹스19
1555,느감마
1556,뿡알
1557,섹스6mm
1558,에로스
1559,아이템샵
1560,ㅇ1
1561,미시촌
1562,섹스믹스
1563,개쉑끼
1564,호로
1565,셍식기
1566,섹스조아
1567,チンピラ
1568,kill
1569,リングス
1570,네미
1571,씨부리
1572,급살맞아
1573,병닭
1574,チャンコロ
1575,섹스89
1576,sexmolka
1577,시5
1578,뽀지
1579,띠발년
1580,쓰블
1581,십새꺄
1582,섹스사랑
1583,와레즈79
1584,yagood
1585,변태사진
1586,섹스해죠
1587,성인만화
1588,카페상점
1589,신고센터
1590,카페샵
1591,모2텔
1592,샹년
1593,裏日本
1594,黙れ
1595,zotte
1596,섹스용품
1597,성인만남
1598,상년
1599,게년
1600,레드섹스tv
1601,kukikorea
1602,페티쉬우먼
1603,보짓
1604,개망나니
1605,쉬빨
1606,쳐나
1607,니애미
1608,뵤지
1609,페티쉬코리아
1610,젓까
1611,포르노파티
1612,sexkorea.com
1613,불로거
1614,쒸팍
1615,二逼
1616,벌창같은
1617,쉬이풀
1618,swaping
1619,ㄴi
1620,펜트하우스
1621,앵웅
1622,게세끼
1623,두두와레즈
1624,깝쳐되
1625,지3
1626,신마담
1627,犬畜生
1628,왜고자
1629,호벌
1630,쫒
1631,개에색끼
1632,AVmolca
1633,누드겔러리
1634,목자르는
1635,똘아이
1636,阿兵哥
1637,함소원누드집
1638,쉽1
1639,재벌포르노
1640,mrcondom
1641,asiangirl
1642,다구리
1643,포르노바다
1644,사이버섹스
1645,섹  스
1646,성인전용
1647,게싶보지세
1648,美国佬
1649,젓대가리
1650,섹스리아
1651,성인벙개
1652,섹스yadong
1653,비너스성인용품
1654,에미
1655,씨볼년
1656,후빨
1657,볼로깅
1658,빨어
1659,강남카페섹스비디오테이프
1660,쌕시
1661,조깔
1662,asshole
1663,정력팬티
1664,에로스타일
1665,번개팅
1666,adultlife
1667,노운지
1668,니1
1669,쉬이발
1670,성인비됴
1671,까대지마
1672,뿅카
1673,미아리tv
1674,성인킹카
1675,보G
1676,屁
1677,굿섹스클럽
1678,성인사진
1679,성인소녀경
1680,빙띤
1681,새애끼
1682,띠이붕
1683,문디
1684,바나나티비
1685,투앤투동거클럽
1686,개빡
1687,朝立
1688,molca588
1689,ㅇ6
1690,네다홍
1691,성인사이트소개
1692,오그리쉬
1693,포르나
1694,디발
1695,셀프카메라
1696,뱅쉰
1697,포카리섹스
1698,딸포르노
1699,ㅅ1
1700,성인게임
1701,쌍노무
1702,시댕
1703,러브베드
1704,ちしょう
1705,지현누드집
1706,퀘스천맨
1707,굿나잇티브이
1708,니엠이
1709,포르로
1710,띠이불
1711,에자지너
1712,개색기
1713,고려섹시인포디렉토리
1714,몰래캠코더
1715,섹스크림
1716,ちんちん
1717,개자슥
1718,썩창
1719,염병할
1720,misscam
1721,섹시조선
1722,전화방
1723,깝친다
1724,penthouse
1725,지6
1726,야녀
1727,꼬자
1728,씨가랭년
1729,남자경험
1730,개같은
1731,개쉑
1732,십할
1733,뱅신
1734,스타킹페티쉬
1735,쫍빱
1736,操你妈
1737,쪼잔한
1738,你妹
1739,브랜드샵
1740,특수콘돔
1741,가슴큰
1742,개팰
1743,느그매
1744,조년
1745,贱货
1746,십탱
1747,c2joy
1748,씨발년
1749,공짜만화
1750,神经病
1751,AdultSexshop
1752,쌩몰카
1753,가자Molca섹스코리아
1754,운영자
1755,스트립쑈
1756,극혐
1757,olotv섹스nipon
1758,sex-sayclub
1759,에로관
1760,에로카
1761,nallari
1762,섹시wave
1763,야설공작소
1764,섀껴
1765,야시랭크
1766,띠붕
1767,쌍눔
1768,안마방
1769,콘돔몰
1770,듸발
1771,개십팔
1772,sex
1773,vip24
1774,섹스and포르노
1775,블로그
1776,おっさん
1777,좀물
1778,빠러
1779,에로뮤직비디오
1780,dick
1781,4SEX
1782,貴様
1783,버지구멍
1784,세븐누드닷컴
1785,에로비디오
1786,구멍
1787,등급보류성인영화관
1788,따까리
1789,빨은걸레
1790,sexjj
1791,엿묵
1792,이반
1793,기분드럽네
1794,백보지
1795,쑤신다
1796,쒸부럴
1797,와래즈
1798,cock
1799,우수고객
1800,넣어죠
1801,자위행위
1802,母乳
1803,존꼴
1804,목자르는 동영상
1805,프리섹스코리아
1806,누드
1807,뒷치기
1808,어덜트코믹플러스
1809,섹스코리아포르노
1810,패티쉬우먼
1811,포토앨범
1812,도쿄섹스nipon
1813,십3
1814,どじん
1815,성인영화세상
1816,カス
1817,성인만화천국
1818,쎅콜닷컴
1819,ㅅㅣ
1820,컴섹
1821,씹펄
1822,jungyang
1823,상노무색이
1824,干你妈
1825,무료섹스사이트
1826,빠순이
1827,에로동
1828,자5
1829,과부촌
1830,십세기
1831,원조
1832,肛門
1833,나이스69
1834,노팬츠
1835,섹쑤
1836,에로
1837,씹물
1838,불륜
1839,누드molcaTV
1840,플레이보이
1841,와레즈코리아
1842,쓰빌
1843,씹빠빠
1844,애무
1845,성인엽기
1846,까불지마
1847,禽兽
1848,사랑의침실테크닉
1849,화냥년
1850,콘돔피아
1851,섹뜨
1852,yessex
1853,스탭
1854,왕잠지
1855,빨아주는
1856,미소녀
1857,엔터채널
1858,김선일동영상
1859,야한놈엽기
1860,쒸벌
1861,존지랄
1862,코카인
1863,포르노yadong
1864,여혐
1865,여고생몰카
1866,playbog
1867,개씨블
1868,개버지
1869,씨바랄
1870,벗은
1871,존만
1872,傻屄
1873,돈년
1874,졷
1875,쪼바리
1876,cosex.net
1877,개젖밥
1878,圣母婊
1879,싯팔
1880,고소영누드
1881,Sexpia
1882,꽃게와레즈
1883,짱와레즈
1884,潮吹
1885,섹스동
1886,viva포르노
1887,007섹스샵
1888,성인게시판
1889,정품게임
1890,존망구리
1891,야쿠르트와레즈
1892,のろま
1893,젓또
1894,씨밸넘
1895,미스토픽닷컴
1896,섹보지
1897,체위동영상
1898,molca섹스
1899,씨부랄탱이
1900,아가릴
1901,hidden-korea
1902,뻘노
1903,띠봉
1904,섹스인형
1905,av섹스코리아
1906,블로그씨
1907,미아리야동
1908,자9
1909,앤애치앤
1910,개간나
1911,코리아섹스
1912,니욘
1913,게눔
1914,치마속
1915,영화와레즈
1916,섹쉬엽기
1917,성인체위
1918,ちんぴら
1919,부부섹스
1920,몰카tv
1921,김치녀
1922,ogrish.com
1923,젓냄새
1924,미스터콘돔
1925,電狗
1926,씹뽀지
1927,섹스챗79
1928,쑈뎅
1929,좆같
1930,무료포르노
1931,쉑스
1932,페티쉬
1933,쌈싸셔
1934,관음
1935,지1
1936,섹스코리아TV
1937,소세끼
1938,消えろ
1939,병닥
1940,대깨
1941,무료헨타이
1942,성인인증&x=23
1943,한녀
1944,썅년아
1945,뒈질라구
1946,에무
1947,동생강간
1948,부댕
1949,썅년
1950,비융신
1951,습새야
1952,롤리
1953,섹시제팬
1954,개드립
1955,니언
1956,ㅇ2
1957,섹스에로스TV
1958,자위코리아
1959,잠년
1960,しょぼい
1961,쪽발이
1962,미아리섹스하리
1963,빨간티브이섹스
1964,쌕폰
1965,섹시무비
1966,molca섹스코리아
1967,쪼잔한년
1968,딸따리
1969,Molca포르노소라가이드
1970,한글섹스사이트
1971,원조교재
1972,이지현누드샘플
1973,무료페티쉬
1974,히로뽕
1975,니상
1976,섹스성인만화
1977,사라성인용품점
1978,노답
1979,떡친다
1980,쉬부랄
1981,adult
1982,추잡한새에끼
1983,무료포르노동영상
1984,색스
1985,tv섹스코리아
1986,뭉디
1987,肉便器
1988,윤간
1989,高麗棒子
1990,에로디비
1991,띨띨이
1992,애비
1993,개젓가튼넘
1994,베츙이
1995,김선일 동영상
1996,김완선nude
1997,쑤셔버린다
1998,구녕
1999,항문섹스
2000,ㅅ1녀
2001,狗日的
2002,성인샵
2003,보0지
2004,번색
2005,앤애치엔
2006,유호필름
2007,닥쳐
2008,nudlnude
2009,새끼
2010,보지빨기
2011,후이즈섹스
2012,머리박기
2013,누드뮤직
2014,개!
2015,운지
2016,야게임
2017,섹스동영상
2018,유발조물락
2019,섹스2TV
2020,성인섹스코리아
2021,消えな
2022,마스터
2023,좃나
2024,지미랄
2025,섹 스
2026,빨아쥬
2027,후장꽂아
2028,togoero
2029,섹스코리아79
2030,에로키위
2031,www.sexkorea.net
2032,haduri
2033,이승희
2034,돌았
2035,시부랄년
2036,니죽어라고
2037,씨이불
2038,食屎屙飯
2039,마니아섹스
2040,섹스피아
2041,공중제비
2042,섹스코리아jp
2043,씹지랄
2044,성인별곡
2045,야한미소녀
2046,성인메로나
2047,에자지껴
2048,videokiller
2049,yadong
2050,去死
2051,HOTWEB
2052,미소걸성인용품
2053,ㅆi
2054,Adultzone
2055,저까셔
2056,정자먹어
2057,심마담
2058,삥신아
2059,デブ
2060,게쒜
2061,포르노집닷컴
2062,오그리시
2063,경아닷컴
2064,에로스코리아
2065,캐녀
2066,시이불
2067,김완선누드
2068,앙망
2069,음반상점
2070,386섹시매거진
2071,똥대가리
2072,성인극장
2073,소라의MissTopic
2074,주인장
2075,망할넘
2076,씹파
2077,족까
2078,성폭행
2079,dummy
2080,염별할
2081,후장따고
2082,용주골
2083,트위스트킴
2084,성인뉴스
2085,뒤질려고
2086,빙신
2087,포르노섹스소라가이드
2088,최강와레즈
2089,성인18번지
2090,븅띈
2091,코리아성인가이드
2092,빠혐
2093,섹시사진
2094,쉬발
2095,성현아누드집
2096,가게주인
2097,누드커플
2098,미츤늠
2099,섹스리얼
2100,띨빵
2101,헬로우콘돔
2102,뽀르노
2103,누드스케치
2104,내고추
2105,야한놈
2106,가슴보여
2107,병시나
2108,金二胖
2109,개작두
2110,빡쳐
2111,부랄
2112,쉭팍쇄크
2113,앤애취엔
2114,섹스라이브TV
2115,에로니폰
2116,鈍間
2117,민증위조
2118,게보지
2119,씨발뇬
2120,뻑큐
2121,개불알
2122,벙딱
2123,씹브랄
2124,씨바
2125,야설소라의가이드
2126,붕알
2127,핫포르노
2128,샹눔
2129,씨벵년
2130,오사카섹스
2131,해피투섹스
2132,쎅스
2133,씨빠
2134,아이러브에로스쿨
2135,阿
2136,사까치
2137,섹스
2138,가가섹스하러다가라
2139,쿨에로
2140,쓰레기같은년
2141,지찌
2142,성인채팅
2143,씨뽈
2144,엔애취엔
2145,씨볼
2146,쓰붕
2147,ㅋr
2148,대줄
2149,猴子
2150,케릭터몰
2151,Molka코리아섹스
2152,ya-han
2153,noode
2154,성잉영화
2155,유민누드사진
2156,걸레보지
2157,가슴조물락
2158,섹스채널
2159,미췬년
2160,개씹
2161,씨부랄년
2162,おあい
2163,고추짱
2164,똥구멍
2165,OIO성인용품
2166,ババア
2167,이섹스
2168,아줌마야동
2169,벌!
2170,빈야
2171,에로걸즈
2172,쌍뇽
2173,저가튼
2174,환향년
2175,목욕탕몰카
2176,playboy
2177,섹스코리아DAMOIM
2178,개쉽
2179,YASATV
2180,게세기
2181,까페샵
2182,성인용CD
2183,성인쇼
2184,씨버럴
2185,肏你祖宗十八代
2186,엔매거진
2187,穢多
2188,핫성인용품
2189,씹쉐야
2190,벗고
2191,ㅎ1
2192,미친년들
2193,로리
2194,섹스damoim
2195,도라이
2196,ㅆr
2197,씨블
2198,쒸부랄
2199,마나보지
2200,음란
2201,야한클럽
2202,미스누드
2203,쫄부
2204,쎅스코리아
2205,패미
2206,굿걸TV
2207,성인포르노
2208,아닥
2209,도요타다이쥬
2210,소라넷
2211,아줌마보지
2212,성폭력
2213,스섹
2214,병크
2215,섹스자료실
2216,씹색
2217,씨9
2218,gagasexy
2219,빠순
2220,애자
2221,IJ라이브
2222,일본성인방송
2223,화상색
2224,야설
2225,게세
2226,보6지
2227,미야리
2228,섹스molca포르노
2229,대박와레즈
2230,www.uh-oh.com
2231,사가지
2232,섹스molcaTV
2233,지9
2234,애액
2235,섹시녀사진
2236,똘추
2237,샤끼
2238,쉬이팔
2239,bollucks
2240,야해
2241,boob
2242,섹시스타
2243,야시시
2244,터짐
2245,대딸방
2246,미1
2247,섹스다음
2248,제기랄
2249,빡돌
2250,에로69
2251,진주희
2252,基地外
2253,에로이브
2254,희롱
2255,鸡巴
2256,에로올
2257,소라가이드
2258,씨이펄
2259,꼬추
2260,worldsex
2261,띱때끼
2262,섹스코리아MOLCA
2263,섹스포유
2264,섹끼
2265,섹스게시판
2266,내미랄
2267,쉬벨아
2268,왕가스
2269,성현아누드사진
2270,매니저
2271,59time
2272,성인망가
2273,미국뽀르노
2274,십지랄
2275,섹스천사
2276,젓물냄새
2277,oral
2278,보쥐
2279,씨벌년
2280,뺀티
2281,쒸쌔
2282,트위스트김소라가이드
2283,쌩포르노
2284,씨부럴넘
2285,양아치
2286,piss
2287,ザコ
2288,섹스망가
2289,일본성인만화
2290,이헤영누드
2291,니미랄
2292,게이
2293,ㅈ6
2294,찐ㄸr
2295,해적와레즈
2296,육갑
2297,일본포르노
2298,섹시뉴스
2299,선물상점
2300,뒤진다
2301,조개마셔줘
2302,阿婆擦れ
2303,삽질
2304,야설신화
2305,도쿄섹스
2306,경마장가는길성인용품
2307,bbagury
2308,ㄴㄷㅌ
2309,몰카리스트
2310,아줌마섹스
2311,ㅆㅃ
2312,샴푸의성인정보
2313,보짓물
2314,씹년
2315,퍽큐
2316,허졉새키
2317,시불
2318,니미럴
2319,에로스페셜
2320,애로영화
2321,시7
2322,연인사이성인샵
2323,ㅇ8
2324,앤에취엔
2325,잠짓
2326,빈시
2327,앤메거진
2328,Yahanbozi
2329,뒈진다
2330,goadult
2331,쪼잡은새갸
2332,你有病啊
2333,hotsex
2334,clubero
2335,섹스브라
2336,수간
2337,带绿帽子
2338,가가성인용품샵
2339,ksex
2340,환장한아
2341,씨블년
2342,싸줘
2343,띠이방
2344,조가치
2345,전나구려
2346,木偶の坊
2347,오럴섹스
2348,애새꺄
2349,ガキ
2350,TV플레이보이
2351,엽기에로
2352,キモイ
2353,fetishwoman
2354,아7
2355,개십팔년
2356,개싶
2357,가자성인용품
2358,섹스Molca섹스코리아
2359,씹1스
2360,성인애니
2361,섹스엔샵
2362,井盖儿
2363,아6
2364,뒈지다
2365,suicide
2366,エロ
2367,보지나라
2368,성인정보
2369,소라의야설공작소
2370,69tv
2371,띠발
2372,쉬댕
2373,포르노스타
2374,노알라
2375,메므
2376,성인영화천국
2377,벼엉신
2378,쫄디기
2379,거지같은년
2380,개꼴
2381,폰팔
2382,섹골
2383,밤일
2384,코리아스트립닷컴
2385,빨아
2386,口臭
2387,닳은년
2388,호스트빠
2389,죳
2390,망까
2391,세미누드
2392,섹스코리아섹스섹스코리아
2393,쇼킹
2394,딸딸이
2395,脑残
2396,섹할
2397,조주빈
2398,18sex
2399,쌍팔
2400,몸캠
2401,패션앤섹스
2402,아일러브섹스티비
2403,함소원누드사진
2404,벌창같은년
2405,588포르노
2406,무료성인정보
2407,섹스비안
2408,에로영화
2409,쪼개
2410,에로주
2411,고투에로
2412,옘병
2413,젓물
2414,무료성인동영상
2415,神兽
2416,씨펄
2417,떼갈
2418,아갈콩
2419,sexyclik
2420,시펄
2421,함소원
2422,좉
2423,깨씨기
2424,누드크로키
2425,Sㅣ
2426,미스토픽성인용품점
2427,아3
2428,야섹
2429,damoimsex
2430,고객샌터
2431,좃나게
2432,개놈
2433,포르노천국
2434,조잔한
2435,앰창
2436,누드필름
2437,오럴
2438,ひこくみん
2439,보9지
2440,논스톱러브성인유머
2441,啥潲
2442,馬鹿
2443,오빠아퍼
2444,쓰파
2445,アナル
2446,성행위
2447,에로닷컴
2448,Porno바다
2449,섹스나라69
2450,dildo
2451,부부교환섹스
2452,블르그
2453,ウンコ
2454,성인전용정보
2455,섹스하리
2456,舔狗
2457,탁탁탁
2458,呆れる
2459,gabozi
2460,hiddencam
2461,4kkasi
2462,정사채널
2463,씨댕이
2464,자슥
2465,쪼가리
2466,음부
2467,셀프누드
2468,패야
2469,섹스몰카
2470,byuntaesex
2471,オナニー
2472,정력강화용품
2473,맛있는섹스그리고사랑
2474,나1
2475,절라
2476,광년이보지
2477,씹같은
2478,ㅈ4
2479,성인싸이트
2480,미친놈
2481,성인나라
2482,아갈팍
2483,弱虫
2484,가1
2485,선물가게
2486,fuck
2487,샛키
2488,자지
2489,섹시촌
2490,섹스제펜
2491,성인방송안내
2492,저년
2493,bojy
2494,ADULTMANA
2495,빠큐
2496,slut
2497,gojasex
2498,야시네
2499,벙닥
2500,개쉬끼
2501,빻아
2502,쌍넌
2503,뻑you
2504,009sex
2505,엔에취앤
2506,nigga
2507,개꼬치
2508,섹스코리아warez
2509,무료섹스동영상
2510,섹스샘플
2511,섹스에로시안
2512,옷벗기기
2513,변태섹스
2514,십발
2515,아1
2516,어드민
2517,캐쉬스파이더
2518,플레이보지
2519,씹쉐
2520,시부럴
2521,ブス
2522,창녀
2523,누드갤러리
2524,발녀
2525,공짜포르노
2526,게임와레즈
2527,eroasia
2528,까고
2529,게지랄
2530,니씨벌
2531,씨뻘
2532,캠빨
2533,개쉬발
2534,쑤셔
2535,쌩쇼
2536,관종
2537,퇴폐이발소
2538,부부교환
2539,확끈이와레즈
2540,황수정야동
2541,섹스자세
2542,시부랄
2543,쉐기
2544,PleyboG
2545,조갯살
2546,페로몬
2547,야덩
2548,케릭터샵
2549,아갈이
2550,쉽알년
2551,짖어라
2552,보지껍
2553,condom
2554,sexysoul
2555,성상담
2556,앤에치앤
2557,야사
2558,k양비디오
2559,왕털보지
2560,씨부랄
2561,쉬이붕
2562,뻐르너
2563,젓마무리
2564,십떼끼
2565,まぬけ
2566,씨5
2567,씹색끼
2568,꺼져줘
2569,안마시술소
2570,섹시맵
2571,망할년
2572,신마담와레즈
2573,씹불알
2574,울트라쏘세지
2575,365포르노
2576,큰보지
2577,씨바지
2578,시붕
2579,부엉이바위
2580,매독걸릴년
2581,재벌딸포르노
2582,미국포르노
2583,섹시누드
2584,레이디가카
2585,씹을할
2586,seheene
2587,한여충
2588,저까라
2589,성인사이트
2590,음탕
2591,십가튼
2592,아부당
2593,ブサイク
2594,캐릭터샵
2595,씨팍
2596,성인천국
2597,ばばぁ
2598,엑엑윽엑
2599,섹스토이코리아
2600,미친뇬
2601,痴女
2602,게시판성현아
2603,죻
2604,포르노플레이보이
2605,성감대
2606,에로바다
2607,앤에취앤
2608,미아리2000
2609,여성자위기구
2610,윤락
2611,ニガー
2612,씨발
2613,볼로거
2614,쉬이빨
2615,데져병아
2616,엽겨워
2617,性具
2618,개색끼
2619,에로스타
2620,씨부럴
2621,폰색
2622,미치년
2623,번쌕
2624,hotsexkorea
2625,자2
2626,네비로스섹스샵
2627,눈깔을
2628,씨뱅
2629,개십
2630,성클리닉
2631,你食屎啦
2632,섹스에로
2633,좃간년
2634,sexmaxx
2635,섹스캠프
2636,あほう
2637,성인애니메이션
2638,핑크누드샵
2639,무료누드
2640,덩신
2641,색쇼
2642,소라가이드천사
2643,빠라
2644,클릭와레즈
2645,똥꾸녘
2646,새까
2647,가시나무성인용품
2648,vcam
2649,야해요
2650,재팬팬티
2651,빠걸
2652,sexTV
2653,^슨^
2654,늬미창
2655,썍시
2656,18세갸
2657,molca포르노
2658,화류
2659,殺害
2660,공주야동
2661,야한사진
2662,이발소몰카
2663,ㅇㅈㄹ
2664,あまっちょ
2665,뒤치기
2666,민셩야설
2667,쒸풀
2668,년들
2669,성인영상
2670,오예성인영화
2671,섹스서치
2672,포르노만화
2673,가자섹스코리아
2674,싸죠
2675,sexsexy
2676,yadongclub
2677,누드집
2678,스타샵
2679,쒸펄
2680,꼴갑
2681,성인정보검색
2682,난봉일기
2683,빠굴이
2684,빤쮸
2685,러브장
2686,색걸
2687,쉬불
2688,젓같이
2689,존4
2690,색스코리아
2691,molcaCD
2692,후루년
2693,수면유도
2694,노모자이크
2695,씹다구
2696,개장아
2697,섹스샵
2698,정력포탈
2699,씨뿔
2700,二百五
2701,クリトリス
2702,게넘
2703,헴타이
2704,니씨헐
2705,포르노섹스코리아소라가이드
2706,쉐이
2707,Mulyosex
2708,섹스토이샵
2709,당근와레즈
2710,성인방송69채널
2711,쳐쑤셔
2712,가가성인섹스샵
2713,씨보럴
2714,チ◯コ
2715,쳐먹아라
2716,븅딱
2717,ㅅi
2718,추접한년
2719,팬티캔디
2720,prno
2721,zungyang
2722,스와핑모임
2723,molca
2724,섹스야동
2725,와레즈타운
2726,오성인
2727,sexwall
2728,SexGoods
2729,브래지어
2730,우라본섹스코리아
2731,쓰발년
2732,성인영화방
2733,fetish
2734,씹때끼
2735,sexwal.com
2736,페티걸
2737,죤나
2738,핫섹스
2739,페티쉬매거진
2740,섹스바부제펜
2741,딸방
2742,성인용품도매센터
2743,자8
2744,젓가튼
2745,련아
2746,섹소리
2747,가가가가섹스샵
2748,섹쉬
2749,컴색
2750,아줌마
2751,야똥
2752,靠不
2753,씹가튼
2754,개자석
2755,개씹끼
2756,호빠
2757,벗자
2758,ガイジ
2759,패티쉬
2760,うんこ
2761,쌍늠
2762,머니헌터
2763,븅시나
2764,야한게임만남의장소
2765,누드천사
2766,류미오
2767,딥빡쳐
2768,에로엔조이
2769,호냥
2770,세희넷
2771,싸기지
2772,巨乳
2773,섹스25시
2774,뷩
2775,binya
2776,디져
2777,일녀
2778,섹여
2779,ビッチ
2780,경고섹스포르노
2781,포르노사이트
2782,후라덜넘
2783,나조아성인몰
2784,섹스만화
2785,조개넓은년
2786,같은년
2787,알넘
2788,쉬이펄
2789,쒸벨
2790,성교
2791,개좃
2792,성인상품
2793,포르노bozi
2794,누나강간
2795,빠라조
2796,쓰펄
2797,ババァ
2798,한국야동
2799,포르노오팔팔
2800,씹색기
2801,enterchannel
2802,섹시갤러리
2803,빠구
2804,bugger
2805,주둥아리
2806,禿
2807,거렁뱅이
2808,십쉐
2809,x386
2810,창아
2811,성읜
2812,좀쓰레기
2813,누1드
2814,Molcaparty
2815,쉬!
2816,시이팔
2817,ㅆㅂ
2818,섹스시네
2819,365섹스웹
2820,섹스코리아엑스섹스코리아
2821,섹시신문
2822,테마샵
2823,폐기
2824,씨갈
2825,헐렁보지
2826,라이브10TV
2827,섹스몰
2828,얼간아
2829,굿보지
2830,bloody
2831,섹스월
2832,섹녀
2833,개자식
2834,쓰브랄쉽세
2835,벗지?
2836,에로물
2837,ero2030
2838,자위씬
2839,씹자지
2840,섹스나이트
2841,일본뽀르노
2842,크림걸
2843,밑구년
2844,하녀
2845,로.리.타.
2846,뽀로노
2847,포르노비디오
2848,후루
2849,너거엄마
2850,신2음
2851,sexboard
2852,성인섹스민국
2853,鸟语
2854,조개따조
2855,시볼
2856,씨빌
2857,폰쎅
2858,射精
2859,폴에버
2860,개같튼
2861,개쌔기
2862,족같은
2863,젓나
2864,金三胖
2865,성인비디오
2866,싸고있다
2867,히로폼
2868,지5
2869,병쉰가튼
2870,잠지털게임
2871,강추야동
2872,섹쉬썸머타임
2873,씨빵생
2874,존년
2875,오빠아파닷컴
2876,땡충
2877,젓같네
2878,앙마와레즈
2879,개걸레
2880,xxx
2881,일본미소녀
2882,페티쉬러브
2883,SEXBBS
2884,porno-tape
2885,발광
2886,破落戸
2887,성인물
2888,부럴
2889,성폭
2890,69XY성인디렉토리
2891,도우미
2892,참치와레즈
2893,가슴쪼물딱
2894,성인드라마
2895,정사
2896,조깟넹
2897,후랴
2898,국제성인마트
2899,미소녀사진
2900,야겜usa
2901,샛기
2902,고우섹스
2903,개후라
2904,쒸바
2905,페티시
2906,조호개자석
2907,メス豚
2908,おえ/汚穢
2909,チェリーボーイ
2910,빙시
2911,누드다이어리
2912,무료성인방송
2913,대깨문
2914,땡추
2915,존5
2916,チンコ
2917,좃물
2918,니존낫다
2919,fetish7
2920,십8새꺄
2921,씹쎄
2922,연병할
2923,ムカツク
2924,넣어줘
2925,자6
2926,개쓰래기
2927,王八蛋
2928,쉬팔
2929,awoodong
2930,유틸와레즈
2931,변태이야기
2932,섹시엔TV
2933,허벌
2934,이뭐병
2935,박아줘
2936,섹스588섹스
2937,또라이
2938,소라가이드앤소라가이드
2939,셍식끼
2940,어덜트존
2941,벗ㅇㅓ
2942,섹스자진
2943,성인폰팅
2944,개시키
2945,비즈니스클럽
2946,空け
2947,빨기
2948,색씨
2949,몰카동영상
2950,씨박
2951,자쥐
2952,미쳤냐
2953,향기콘돔
2954,靠夭
2955,섹시클럽
2956,씹할년
2957,뜨더
2958,SEX섹스코리아
2959,스왑
2960,어두움와레즈
2961,ゆとり
2962,hotbojy
2963,섹스하까
2964,hella
2965,야한밤
2966,빙쉬
2967,肏你妈
2968,ㅆ!
2969,포르노섹스트위스트김
2970,쒸버럴
2971,冚家剷
2972,한글섹스코리아
2973,쌩쑈
2974,개젓밥
2975,요년
2976,고공섹스
2977,쪼가
2978,베스트성인용품
2979,섹스SHOW
2980,darn
2981,콘돔닥터
2982,365포르노테잎
2983,섹스클럽
2984,섹스소나타
2985,까패샵
2986,쿠키걸
2987,쌍넘
2988,ㅆㅣ
2989,씨별년
2990,씨2
2991,sex18
2992,섹스경험담
2993,화상폰팅
2994,penis
2995,걔잡
2996,삐리
2997,아줌마페티쉬
2998,보1지
2999,69Time
3000,성인사이트메로나
3001,호구
3002,몸파는
3003,씹창
3004,일게이
3005,띠바
3006,미아리
3007,성인에로무비
3008,클럽AV스타
3009,수타킹
3010,소원누드집
3011,八婆
3012,에로존
3013,개애색기
3014,훔쳐보기
3015,강쇠
3016,본태
3017,삥신
3018,쉭팍
3019,십부랄
3020,병딱
3021,쇼걸클럽
3022,걸레로만들
3023,사까시
3024,섹스한국
3025,콘돔나라
3026,섹스소리
3027,무료성인엽기
3028,띠펄
3029,zi랄
3030,젖
3031,한남
3032,チンチン
3033,파오후
3034,섹시엔몰
3035,보질
3036,니미
3037,무료와레즈
3038,게색기
3039,꼬츄
3040,맛이간년
3041,시2
3042,씨받
3043,젓밥
3044,족같내
3045,"sexkorea,net"
3046,金一胖
3047,雞巴
3048,백지영포르노
3049,좇꼴려
3050,미친넘
3051,痴漢
3052,미친
3053,싶보지
3054,carp
3055,섹스포인트
3056,에로79
3057,옷벗기기게임잡지
3058,퇴폐
3059,쌔
3060,뉘미럴
3061,정력
3062,포르노yadong섹스코리아
3063,賤人
3064,이시국충
3065,핫도그TV
3066,벗어
3067,세귀
3068,누드모아
3069,나새
3070,쌕쓰
3071,18뇽
3072,섹스코치
3073,소라가이드TO
3074,새에끼
3075,sexxmolcatv
3076,bo지
3077,섹스보조기구
3078,에로스포유
3079,マ◯コ
3080,닝기미
3081,엔에취엔
3082,jfantasy
3083,씹알
3084,띠이발
3085,노팬티브이
3086,섹스코리아무비
3087,애널
3088,시이펄
3089,공짜야설
3090,쉑힝
3091,왕털자지
3092,배때지
3093,sorasguide
3094,와래즈$디아블로
3095,좀마니
3096,씨가랭
3097,보지
3098,whore
3099,하드코어
3100,자지털
3101,Sexyadong
3102,Zl랄
3103,십때끼
3104,ㄲr
3105,보10지
3106,애자매
3107,또롸이
3108,가슴주물럭
3109,노슬아치
3110,씨앙
3111,개세끼
3112,변섹
3113,痞子
3114,뉘메씌블
3115,扯蛋
3116,가슴빨어
3117,누드동영상
3118,냔
3119,殺小
3120,섹시게이트
3121,붕신또라이
3122,うせろ
3123,폰섹
3124,꼴깝
3125,무료성인만화
3126,씨브알늠
3127,로지식
3128,Molca포르노섹스코리아
3129,操你祖宗十八代
3130,早漏
3131,キモい
3132,무전망가
3133,허러쇗갸
3134,ろくでなし
3135,쌔깐
3136,잡새
3137,버지구녕
3138,창질
3139,凯子
3140,ㅇㅂ
3141,땅크
3142,使えねえ
3143,죧
3144,뻔데긔
3145,녀언
3146,성인전화
3147,이지현누드사진
3148,이주현누드
3149,옴창
3150,虫けら
3151,은따
3152,시블랄년
3153,걸섹스코리아갤러리
3154,ㅈ1
3155,난자마셔
3156,성게시판
3157,이브의욕망
3158,야설게시판
3159,겁탈
3160,MolcaPornoTV
3161,씨빙
3162,글래머샵
3163,섹시존
3164,조개쑤셔줘
3165,고패티쉬
3166,애마부인
3167,무료성인게시판
3168,성인유머
3169,더럽다
3170,ㄱr
3171,씹팔
3172,쪼까
3173,雞掰
3174,섹스포르노molca
3175,디진
3176,パンツ
3177,100bozy
3178,호라모젠젠
3179,존3
3180,porn
3181,일밍아웃
3182,ㅅㅅ
3183,싸불
3184,포르노자키
3185,ㅇ9
3186,뵹쉰
3187,성기
3188,섹스천하
3189,산소와레즈
3190,본디지
3191,폰팅
3192,테마몰
3193,십창
3194,MANABOZI
3195,바이브레이터
3196,몰카
3197,陰部
3198,삐질이
3199,막대쑤셔줘
3200,시발
3201,내꺼빨아
3202,십세끼
3203,피임기구
3204,성인용품에로존
3205,콘돔예스
3206,1090tv
3207,뵹시나
3208,토크광장
3209,찐ㄸㅏ
3210,SEXEROS
3211,개장년아
3212,띠앙
3213,588섹스티비
3214,섹스사진
3215,뽀작
3216,스와핑
3217,새꺄
3218,faggot
3219,걸레핀년
3220,까패몰
3221,니할애비
3222,유1방
3223,닝기리
3224,쌩molca
3225,뺑신
3226,미즈클럽
3227,FUCK
3228,쌩보지
3229,럭키월드와레즈
3230,씨다바리
3231,99bb
3232,시다바리
3233,육시랄년
3234,レイプ
3235,精液
3236,한개임
3237,작업제
3238,18썌끼
3239,새끈
3240,うざい
3241,만화보지
3242,느그미
3243,망가짱
3244,자위방법
3245,섹스샵21
3246,꺼져죠
3247,엿같
3248,쎅시넷
3249,陰毛
3250,조오또
3251,오빠아파
3252,소라가이드-에로천국
3253,bitch
3254,상노무
3255,에로스재팬
3256,드런년
3257,성인성교육스쿨
3258,찌찌
3259,옷벗기기게임자신있는
3260,싸질러죠
3261,팰까
3262,섹스700
3263,화이트섹스라인
3264,플레이보이소라가이드
3265,선물샵
3266,씨풀
3267,허어접같은넘
3268,쓰부랄
3269,씹미
3270,누드몰카TV
3271,성인무비
3272,쉬이벌
3273,木偶
3274,間抜け
3275,포르노porno섹스코리아
3276,따먹
3277,섹스모델
3278,빠라줘
3279,페니스
3280,엔메거진
3281,한게임
3282,또랑이
3283,씨이풀
3284,남녀자위기구
3285,지식인
3286,젓떠
3287,마이홈
3288,색남
3289,야한밤TV
3290,누드119
3291,공짜성인싸이트
3292,유방
3293,섹스드라마
3294,성인소설
3295,어덜트피아
3296,스누피야동
3297,Adulthumor
3298,음악가게
3299,포르노섹스코리아
3300,69섹스코리아
3301,정양
3302,핫포르노섹스
3303,붕시
3304,쓰불
3305,섹도우즈
3306,핑크섹스샵
3307,새끈녀
3308,588show
3309,구멍야동
3310,샹
3311,아마걸포르노
3312,야한거벌끈벌끈
3313,몰카넷
3314,조삐리
3315,boji
3316,세희야동
3317,계집
3318,떡걸
3319,딱꾸리
3320,일베
3321,쒸발
3322,畜生
3323,やめろ
3324,등신
3325,가카
3326,빨아보고싶다
3327,성인무료동영상
3328,씨별
3329,PORNOBOZI
3330,pussy
3331,노브라
3332,화양년
3333,cosex
3334,오케이섹스
3335,개색키
3336,성인대화방
3337,뻘쭘
3338,조까
3339,어덜트라이프
3340,십버지
3341,알몸
3342,함소원누두
3343,버지따먹기
3344,섹마
3345,혐스
3346,보지털
3347,livezzang
3348,나체
3349,성인일본
3350,성인쇼핑
3351,성인컨텐츠
3352,시벌
3353,빈야성인
3354,ㅅㄱ
3355,엿까
3356,병쉰
3357,왕자지
3358,프리섹스성인용품
3359,ㅈl
3360,오현경비디오
3361,오사랄
3362,에로패티시
3363,개쌔끼야
3364,ero69
3365,게새
3366,씹퉁
3367,폰8
3368,졸라야한닷컴
3369,섹남
3370,碌でなし
3371,"해적,야동"
3372,볼르깅
3373,엠다
3374,支那
3375,존.
3376,문섹
3377,애므
3378,씨바알누마
3379,ㅇr
3380,씌끼
3381,씹구멍
3382,개열
3383,롤리타
3384,미니스커트
3385,성인무료사이트
3386,낸쟁이
3387,시녀
3388,쫀생
3389,폴애버
3390,앤매거진
3391,시파
3392,붕신새키
3393,호스티스
3394,포르노배우
3395,啥小
3396,잡놈
3397,야시코리아
3398,믄디
3399,쉬끼
3400,띠벌넘
3401,시팔년
3402,쎄갸
3403,하이텔성인CLUB+19
3404,molcasex
3405,뻗대
3406,gangbang
3407,oiotv
3408,음반가게
3409,볼로그
3410,SOSSEX
3411,개호루
3412,젓같은
3413,샹눔에쌔끼
3414,삽세끼
3415,yadongmolca
3416,이지현누드
3417,엿가튼
3418,야하다
3419,호스테스바
3420,시방
3421,엑스투어덜트
3422,가자섹스
3423,음독
3424,벙닭
3425,개띠부랄넘
3426,메니저
3427,지4
3428,69n69성인몰
3429,臭鞋
3430,놈
3431,傻逼
3432,플레이섹스
3433,니앰창
3434,혼모노
3435,에로2030
3436,미주구리
3437,쌩보지쑈
3438,퀘스천걸
3439,幹你娘
3440,포르노마나
3441,도촬
3442,쉬벨
3443,미소녀게임
3444,衣冠禽兽
3445,대가리
3446,고자
3447,씹버지
3448,섹시짱
3449,모1텔
3450,IJ특별코너
3451,빤쓰
3452,애미
3453,정액
3454,서양뽀르노
3455,니씨불
3456,무료성인소설
3457,Sl발
3458,십탱굴이
3459,sucker
3460,포르노천사
3461,싸가지
3462,포르노섹스
3463,누드25시
3464,개삽년
3465,삐리넷
3466,고섹스588
3467,한스테이성인
3468,딜도
3469,빨강마후라
3470,섹스정보
3471,빨아주라
3472,섹스월드
3473,이효리누드
3474,재벌딸동영상
3475,시밸
3476,runsex
3477,조깟은
3478,가이드섹스
3479,불로그
3480,능그미
3481,고자섹스
3482,엽기적인섹스
3483,졸라
3484,sexhangame
3485,섹시샵
3486,에로당
3487,젓같내
3488,벌리
3489,음반샵
3490,재팬만화
3491,uh-oh.com
3492,모모TV
3493,씨불
3494,룸사롱
3495,오마이포르노
3496,달갈통
3497,중력절
3498,성현아누두집
3499,섹스타임69
3500,섹스파일
3501,패니스
3502,18누마
3503,PORNO애니
3504,띠끼
3505,세엑
3506,섹스데이타100
3507,에로비안나이트
3508,빽보지
3509,크리토리스
3510,빠가야로
3511,조디다트자뿔라
3512,카섹스
3513,www.sex2848.com
3514,즤랄
3515,지기미
3516,jgirls
3517,존물
3518,밑구
3519,십쎄
3520,젓밥세기
3521,고에로TV
3522,한국포르노
3523,떡촌
3524,carsex
3525,추접한
3526,성인화상
3527,白癡
3528,십탱구리
3529,나우누리어른만화방
3530,성인동영상
3531,きもい
3532,오라질
3533,혼음
3534,tvbozi
3535,섹스짱
3536,cibal
3537,십6
3538,강간
3539,잡종넘
3540,쉽알긋
3541,섹스warez
3542,소라가이드야설
3543,씨방
3544,뉘미
3545,섹스촌
3546,쳐나대
3547,야한거
3548,씹빵구
3549,가정섹스전문점
3550,빨아라
3551,십봉지같은
3552,새끈남
3553,자4
3554,젓만한
3555,띠랄
3556,007섹스티브이
3557,破鞋
3558,엔애치앤
3559,개쒜
3560,잠지hentai
3561,씨이방
3562,육구자세
3563,성인용품할인매장
3564,yasine
3565,섹스Koreana
3566,sexynmall
3567,섹스고고
3568,성인IJ
3569,와레즈
3570,미아리쇼
3571,게조랄
3572,18노마
3573,니씨브랄
3574,아구창
3575,애로
3576,바큐
3577,동거
3578,생쏘
3579,土人
3580,섹티즌
3581,보지녀
3582,성인CD
3583,누드섹스
3584,빨간마후라
3585,死に損ない
3586,개호로
3587,가나성인용품전문쇼핑몰
3588,헬프섹스
3589,3sextv
3590,꼴통
3591,옷벗기기게임
3592,벗방
3593,h양
3594,개애색끼
3595,시팍년
3596,십팔년
3597,씹자석
3598,죽고잡
3599,ざっこ
3600,육봉
3601,5sexshop
3602,등신아
3603,시.
3604,개년
3605,개허벌
3606,pornomana
3607,에로극장
3608,소라의
3609,존나
3610,부뎅
3611,에로아시아
3612,쎅클럽
3613,씨발놈
3614,에로에스
3615,야캠
3616,婊子
3617,개십년
3618,니밀헐
3619,해피데이21성인용품
3620,뮤직몰
3621,쾌스천걸
3622,보지자지
3623,베이비아웃성인용품
3624,보스성인클럽
3625,잠지
3626,三小
3627,섹시포유
3628,성인미팅
3629,씹할
3630,십할년
3631,화냥
3632,딥빡
3633,관리자
3634,뺑뺑이
3635,새파
3636,가가섹스포르노
3637,소라의프로포즈
3638,성인방송국
3639,씨4
3640,보지구멍
3641,セックス
3642,졸라섹스
3643,존8
3644,18세까
3645,에로씨네
3646,엔애치엔
3647,섹스코리아앤드섹스코리아
3648,야한
3649,내조지
3650,고69섹슈얼
3651,개쌍
3652,내잠지
3653,쟈지
3654,섹스가이드
3655,코리안걸스
3656,골통
3657,porner
3658,짱와레즈닷컴
3659,돌게이
3660,뿔알
3661,페티쉬즘
3662,야설록
3663,이주현nude
3664,무료성인싸이트
3665,성인클럽
3666,폭동절
3667,588섹스코리아성인방송
3668,ㅇ5
3669,좃가튼년
3670,뽀리
3671,섹스DC
3672,꺼지세요
3673,잡넘
3674,폰섹스
3675,자위
3676,소라즈가이드
3677,파랑새와레즈
3678,졸라맨똥피하기게임다운로드
3679,티켓다방
3680,でぶ
3681,쒸팔
3682,보지보지
3683,씨방새
3684,쒜끼
3685,鬼畜
3686,씨퐁년
3687,업소
3688,sexyjapan
3689,하리수누드
3690,18새꺄
3691,따무라
3692,젓가튼쉐이
3693,개씹할
3694,まんこ
3695,우기의와레즈
3696,은주조갯살
3697,지2
3698,빡우리
3699,써글녀
3700,만두와레즈
3701,재팬마나
3702,보짓물마셔
3703,보3지
3704,헤라러브샵
3705,live10tv.com
3706,스너프
3707,SEXYX
3708,마스터베이션
3709,XXX69
3710,ㅆ1
3711,벅규
3712,덩어리
3713,야애니
3714,섹스코리아21
3715,히든포르노
3716,누들누드
3717,ケツ
3718,개씁
3719,난자먹어
3720,ぶす
3721,성인미팅방
3722,클럽에로
3723,핸타이
3724,쑤벌
3725,섹스야다이즈
3726,아5
3727,게부럴
3728,좃부랄년
3729,미시
3730,에로방티브
3731,보조기구
3732,음욕
3733,호스트바
3734,ブサメン
3735,소라의가이드
3736,동양최고성고전
3737,1팔새꺄
3738,헨타이
3739,조개넓은
3740,섹스아이디
3741,십셋끼
3742,sexmusa
3743,성일플래쉬
3744,erostyle
3745,섹스코러스
3746,꽃뱀
3747,여자따먹기
3748,닝김이다
3749,셰끼
3750,시뿔알년
3751,야오이
3752,비럭질할
3753,띠불
3754,시8
3755,쓰벌
3756,이혜영누드사진
3757,SexPorno
3758,씹
3759,청산가루
3760,빻긴
3761,n번
3762,jasal
3763,밝은세상성인용품
3764,성인에로영화
3765,니김
3766,딸치기
3767,성인인터넷방송
3768,yahannom
3769,호볼
3770,씨탱
3771,가가가섹스WAREZ
3772,키워드샵
3773,미즈네
3774,노모
3775,생식끼
3776,ㅈr
3777,backbojytv
3778,여자옷벗기기
3779,섹시나라
3780,체모
3781,젓부랄년
3782,섹스링크
3783,아이템몰
3784,십셰리
3785,더티섹스
3786,잠지만화
3787,쒸벌년
3788,雞拜
3789,게허졉
3790,서양년
3791,쿰척쿰척
3792,봉숙이
3793,bogicam
3794,섹스TV
3795,오레즈
3796,히1
3797,성인와레즈
3798,은주조개살
3799,쌕쌕이티비
3800,정게할배
3801,성인엽기damoim
3802,호좁
3803,癡線
3804,셀카
3805,SEXMOLCA
3806,무료성인영화
3807,섹시팬티
3808,매니져
3809,엿이다
3810,좋까
3811,씨알머리
3812,zotto
3813,빈야성인와레즈
3814,노팬티
3815,모바일샵
3816,ゲロ
3817,붕쒼
3818,yahanbamtv
3819,포르노키위
3820,잡년
3821,씨6
3822,オッパイ
3823,10자슥
3824,개쒜리
3825,에로데이
3826,색기
3827,젓도
3828,뒤질넘아
3829,자위용품
3830,さくしょう
3831,ㅁi
3832,존니
3833,ㅁㅈㅎ
3834,골빈년
3835,쓰봉아
3836,미소녀섹스가이드
3837,ilovesex
3838,섹스알리바바
3839,몰카사이트
3840,섹시아이제이
3841,섹걸
3842,ㅇl
3843,痴孖筋
3844,십10
3845,jaji
3846,섹스트립
3847,촌씨
3848,10할
3849,좆꼴리
3850,벙신
3851,섹스에니메이션
3852,메로나
3853,모?텔
3854,씹질
3855,떨거지
3856,성인화상채팅
3857,오케이섹스molca포르노
3858,섹쉬뱅크
3859,섹스sayclub
3860,에로플래쉬
3861,クンニ
3862,섹스나라
3863,섹스야시네
3864,wonjosex
3865,18x
3866,ja위
3867,588섹스코리아
3868,제섶써
3869,不倫
3870,디질
3871,시6
3872,molca365
3873,와레즈사이트
3874,개쉐
3875,여자보지
3876,섹스포르노트위스트김
3877,포르느
3878,쉽쉑
3879,조시나
3880,슨상
3881,욜라
3882,섹스라이브
3883,쒸뱅
3884,걸래
3885,니씨볼
3886,오마담
3887,개자지
3888,무료성인야설
3889,에로야
3890,섹스코리아
3891,창놈
3892,ㅇ4
3893,등신세기
3894,ㅈ9
3895,だまれ
3896,포르노worldcup
3897,섹골닷컴
3898,ㅁ1
3899,뻐큐
3900,존마
3901,십1
3902,섹스코리아조선
3903,씌발
3904,섹스선데이
3905,네이버
3906,정자마셔
3907,존라
3908,KRTV
3909,섹스무비
3910,쉼쉐리
