순서,단어
1,캐쉬스파이더
2,캐시스파이더
3,목자르는동영상
4,목자르는 동영상
5,ogrish.com
6,ogrish
7,오그리시
8,오그리쉬
9,오그리쉬닷컴
10,김선일동영상
11,김선일 동영상
12,참수
13,beheading
14,007섹스샵
15,007섹스티브이
16,10섹스티브이
17,24에로라이브
18,25라이브섹스
19,33sexymall
20,365섹스웹
21,365포르노
22,365포르노테잎
23,386섹시매거진
24,3sextv
25,4SEX
26,4changamolca섹스코리아
27,4kkasi
28,588
29,588show
30,588섹스코리아
31,588섹스코리아성인방송
32,588섹스티비
33,588포르노
34,5sexshop
35,69Time
36,69XY성인디렉토리
37,69n69성인몰
38,69sex
39,69timepornsex
40,69섹스코리아
41,69클럽TV
42,섹스코리아
43,ADULTMANA
44,AVmolca
45,AV갤러리
46,AV재팬
47,AdultSearch
48,AdultSexshop
49,Adulthumor
50,Adultzone
51,Bojyty
52,Bozicam
53,GO588TV
54,GO섹시클럽
55,HOTWEB
56,HOTZONE
57,HardcorePorno
58,IJSEX
59,IJ라이브
60,IJ생방송
61,IJ에로쇼
62,IJ특별코너
63,KRTV
64,Korea포르노
65,MANABOZI
66,MolcaPornoTV
67,MolcaTV
68,Molcanara
69,Molcaparty
70,Molca테이프
71,Molca포르노섹스코리아
72,Molca포르노소라가이드
73,Molka섹스코리아
74,Molka코리아섹스
75,Mulyosex
76,NEVER-SEX
77,OIO성인용품
78,OK성인용품
79,OK섹스SHOW
80,PJ
81,PORNOBOZI
82,PORNO애니
83,PleyboG
84,Pleyboy
85,Porno바다
86,SEXBBS
87,SEXEROS
88,SEXJAPAN
89,SEXMOLCA
90,SEXPDS
91,SEXWAREZ
92,SEXYMAP
93,SEXYX
94,SEXY화상채팅
95,SEX로리타
96,SEX섹스코리아
97,SOSSEX
98,SexGoods
99,SexPorno
100,Sexpia
101,Sexwal
102,Sexyadong
103,TV플레이보이
104,X등급
105,YASATV
106,Yahanbozi
107,adult
108,adultlife
109,adultvideo
110,adultzon
111,av섹스코리아
112,awoodong
113,backbojytv
114,bbagury
115,bestbozi
116,binya
117,byuntaesex
118,carporno
119,carsex
120,clubero
121,condom
122,cosex
123,cosex.net
124,damoimsex
125,enterchannel
126,ero2030
127,ero69
128,eroasia
129,erocine
130,erosasia
131,erosian
132,erostyle
133,fetish
134,fetish7
135,fetishwoman
136,gabozi
137,gagasexy
138,goadult
139,gocinepia
140,gojasex
141,hidden-korea
142,hiddencam
143,hotbojy
144,hotsex
145,hotsexkorea
146,ilovesex
147,joungyang
148,jungyang
149,kgirlmolca
150,kingsex
151,ksex
152,ksex.net
153,kukikorea
154,live10tv
155,molca
156,molca365
157,molca588
158,molcaCD
159,molcaav
160,molcasex
161,molcasexnipon
162,molca섹스
163,molca섹스코리아
164,molca포르노
165,mrcondom
166,new소라가이드
167,noode
168,nopants
169,nudcouple
170,nude
171,nudlnude
172,oiotv
173,olotv섹스nipon
174,oralsextv
175,playboy
176,porno
177,porno-tape
178,pornomana
179,pornoplayboy
180,pornsex
181,runsex
182,sex
183,sex-sayclub
184,sex123
185,sex18
186,sex1818
187,sex4969
188,sexTV
189,sexboard
190,sexbuin
191,sexcorea
192,sexhangame
193,sexjj
194,sexkorea
195,"sexkorea,net"
196,sexkorea.com
197,sexkorea.net
198,sexkorea21
199,sexkoreasexkorea
200,sexmaxx
201,sexmolka
202,sexmovie
203,sexmusa
204,sexnipon
205,sexsexy
206,sexwal.com
207,sexwall
208,sexwall.com
209,sexxmolcatv
210,sexy
211,sexyclik
212,sexyjapan
213,sexynmall
214,sexysoul
215,sora'sguide
216,soraguide
217,sorasguide
218,sorasguide.com
219,sunginsite
220,togoero
221,tvbozi
222,tv섹스코리아
223,twistkim
224,twistkim.com
225,videokiller
226,vip24
227,viva포르노
228,warez섹스
229,whoissex
230,wonjosex
231,worldsex
232,www.porno-tape.com
233,www.sex123.co.kr
234,www.sexkorea.net
235,www.sexwal.com
236,www.sorasguide.com
237,www.twistkim.com
238,xxx
239,yadong
240,yadongclub
241,yadongmolca
242,yadong섹스코리아
243,yagood
244,yahanbamtv
245,yahannom
246,yasine
247,yesmolca
248,yessex
249,youngsex
250,zotte
251,zungyang
252,쎅스
253,쎅스코리아
254,쎅시넷
255,쎅콜닷컴
256,쎅클럽
257,가가가가섹스샵
258,가가가섹스WAREZ
259,가가성인섹스샵
260,가가성인용품
261,가가성인용품샵
262,가가섹스
263,가가섹스포르노
264,가가섹스하러다가라
265,가고파성인용품
266,가나성인용품전문쇼핑몰
267,가람섹스성인용품
268,가마성인쇼핑몰
269,가면성인용품쇼핑몰
270,가보자성인용품
271,가시나무성인용품
272,가이드성인쇼핑몰
273,가이드섹스
274,가인코리아성인용품
275,가자Molca섹스코리아
276,가자러브샵
277,가자미아리
278,가자성인용품
279,가자섹스
280,가자섹스몰
281,가자섹스자료실
282,가자섹스코리아
283,가정섹스전문점
284,가지와오이성인용품
285,가지와오이섹스샵
286,강간
287,강남카페섹스비디오테이프
288,강쇠닷컴
289,강한성인영화
290,걸섹스코리아갤러리
291,경고섹스포르노
292,경마장가는길성인용품
293,경아닷컴
294,고69섹슈얼
295,고공섹스
296,고려섹시인포디렉토리
297,고섹스588
298,고섹스PORNO
299,고에로TV
300,고우섹스
301,고우섹스성인용품점
302,고자섹스
303,고추짱
304,고투에로
305,고패티쉬
306,고혈압야동
307,공짜만화
308,과부촌
309,국제성인마트
310,굿걸TV
311,굿나잇TV
312,굿나잇티브이
313,굿섹스클럽
314,그룹섹스
315,근친상간
316,글래머샵
317,김마담성인쇼핑몰
318,꼬추닷컴
319,나고야섹스미드머니
320,나나성인용품
321,나우누리어른만화방
322,나이스69
323,나이스성인샵
324,나조아성인몰
325,나체
326,남녀섹시속옷
327,남녀자위기구
328,남성단련용품
329,남성자위기구
330,네버섹스
331,네비로스섹스샵
332,노노티브이
333,노브라
334,노브라TV
335,노팬티브이
336,논스톱러브성인유머
337,누나몰카
338,누두
339,누드
340,누드112
341,누드119
342,누드25시
343,누드molcaTV
344,누드갤러리
345,누드다이어리
346,누드모델
347,누드모아
348,누드몰카TV
349,누드뮤직
350,누드사진
351,누드섹스
352,누드쇼
353,누드스케치
354,누드집
355,누드천사
356,누드커플
357,누드코리아
358,누드클럽
359,누드필름
360,누드화보
361,누들누드
362,뉴스트립
363,다보자성인영화관
364,다음섹스
365,다이섹스
366,대박성인토탈몰
367,더티섹스
368,도쿄섹스
369,도쿄섹스nipon
370,동양최고성고전
371,두두섹스
372,뒷치기
373,드림페티쉬
374,등급보류성인영화관
375,디지털섹스조선
376,딸딸이
377,떡걸
378,떡치기
379,라노비아섹스샵
380,라이브10TV
381,라이브스트립
382,러브박사성인용품
383,러브베드
384,러브섹시클럽
385,러브장
386,러브젤
387,러브하자성인용품
388,러브호텔
389,럭키성인몰
390,레드섹스tv
391,레이싱걸
392,로리타
393,로리타.
394,롤리타
395,류미오
396,리얼섹스플레이
397,리얼에로
398,마나보지
399,마니아섹스
400,만화보지
401,망가
402,망가짱
403,모노섹스
404,모두모아성인용품
405,모모TV
406,몰래보기
407,몰래카메라
408,몰래캠코더
409,몰카
410,몰카365
411,몰카588
412,몰카tv
413,무료망가
414,무료몰카
415,무료성인
416,무료성인동영상
417,무료성인만화
418,무료성인방송
419,무료성인사이트
420,무료성인싸이트
421,무료성인엽기
422,무료성인영화
423,무료성인정보
424,무료섹스
425,무료섹스동영상
426,무료섹스사이트
427,무료야동
428,무료야설
429,무료포르노
430,무료포르노동영상
431,무료헨타이
432,무전망가
433,미국뽀르노
434,미국포르노
435,미니스커트
436,미란다성인섹스샵
437,미소걸성인용품
438,미소녀
439,미소녀게임
440,미소녀섹스가이드
441,미스누드
442,미스터콘돔
443,미스토픽닷컴
444,미스토픽성인용품점
445,미시촌
446,미쎄스터
447,미아리
448,미아리2000
449,미아리588
450,미아리tv
451,미아리섹스하리
452,미아리쇼
453,미아리텍사스
454,바나나TV
455,바나나티비
456,바이엔에로
457,밝은세상성인용품
458,벗기는고스톱
459,베스트성인용품
460,베이비아웃성인용품
461,변태
462,보스성인클럽
463,보조기구
464,보지
465,보지나라
466,보지마TV
467,보지보지
468,보지털
469,부부나라
470,부부섹스
471,비너스성인용품
472,빈야
473,빈야성인
474,빈야성인와레즈
475,빠구리
476,빨간티브이섹스
477,뽀르노
478,삐리넷
479,사까시
480,사라성인용품점
481,사랑의침실테크닉
482,사이버섹스
483,사창가
484,색스
485,색스코리아
486,샴푸의성인정보
487,서양동영상
488,서양뽀르노
489,성게시판
490,성고민상담
491,성과섹스
492,성기
493,성보조기구
494,성상담
495,성인
496,성인18번지
497,성인25시
498,성인CD
499,성인IJ
500,성인갤러리
501,성인게시판
502,성인게임
503,성인그리고섹스
504,성인극장
505,성인나라
506,성인놀이문화
507,성인누드
508,성인뉴스
509,성인대화
510,성인대화방
511,성인동영상
512,성인드라마
513,성인만화
514,성인만화나라
515,성인만화천국
516,성인망가
517,성인무료
518,성인무료동영상
519,성인무료사이트
520,성인무료영화
521,성인무비
522,성인물
523,성인미스랭크
524,성인미팅방
525,성인방송
526,성인방송국
527,성인방송안내
528,성인배우
529,성인별곡
530,성인비됴
531,성인비디오
532,성인사이트
533,성인사이트소개
534,성인사진
535,성인상품
536,성인생방송
537,성인샵
538,성인서적
539,성인성교육스쿨
540,성인섹스민국
541,성인섹스코리아
542,성인소녀경
543,성인소라가이드
544,성인소설
545,성인쇼
546,성인쇼핑
547,성인쇼핑몰
548,성인시트콤
549,성인싸이트
550,성인애니
551,성인애니메이션
552,성인야설
553,성인야화
554,성인에로무비
555,성인에로영화
556,성인엽기
557,성인엽기damoim
558,성인영상
559,성인영화
560,성인영화관
561,성인영화나라
562,성인영화방
563,성인영화세상
564,성인영화천국
565,성인와레즈
566,성인용CD
567,성인용품
568,성인용품도매센터
569,성인용품에로존
570,성인용품할인매장
571,성인유머
572,성인이미지
573,성인인증&x=23
574,성인인터넷방송
575,성인일본
576,성인자료
577,성인자료실
578,성인전용
579,성인전용관
580,성인전용정보
581,성인정보
582,성인채팅
583,성인챗
584,성인천국
585,성인체위
586,성인카툰
587,성인컨텐츠
588,성인클럽
589,성인플래쉬
590,성인플래시
591,성인화상
592,성인화상채팅
593,성일플래쉬
594,성잉영화
595,성체위
596,성클리닉
597,성테크닉
598,성폭행
599,성행위
600,세븐누드닷컴
601,세븐섹시
602,세희야동
603,섹
604,섹걸
605,섹걸닷컴
606,섹골닷컴
607,섹마
608,섹쉬
609,섹쉬뱅크
610,섹쉬썸머타임
611,섹쉬엽기
612,섹스
613,섹스19
614,섹스25시
615,섹스2TV
616,섹스588섹스
617,섹스6mm
618,섹스700
619,섹스89
620,섹스DC
621,섹스Koreana
622,섹스Molca섹스코리아
623,섹스SHOW
624,섹스TV
625,섹스and포르노
626,섹스damoim
627,섹스daum
628,섹스molca
629,섹스molcaTV
630,섹스molca코리아
631,섹스molca코리아TV
632,섹스molca포르노
633,섹스molka
634,섹스sayclub
635,섹스warez
636,섹스yadong
637,섹스가이드
638,섹스갤러리
639,섹스게시판
640,섹스고고
641,섹스굿
642,섹스나라
643,섹스나라69
644,섹스노예
645,섹스다음
646,섹스다크
647,섹스닷컴
648,섹스데이타100
649,섹스도우미
650,섹스동
651,섹스동영상
652,섹스드라마
653,섹스라이브
654,섹스라이브TV
655,섹스로봇
656,섹스리아
657,섹스리얼
658,섹스링크
659,섹스마스터
660,섹스만화
661,섹스매거진
662,섹스모델
663,섹스모아TV
664,섹스몰
665,섹스몰카
666,섹스무비
667,섹스무사
668,섹스뮤직
669,섹스믹스
670,섹스바부제펜
671,섹스벨리
672,섹스보드
673,섹스보조기구
674,섹스보조용품
675,섹스부인
676,섹스브라
677,섹스비디오
678,섹스비안
679,섹스사랑
680,섹스사이트
681,섹스사진
682,섹스살롱
683,섹스샘플
684,섹스샵
685,섹스샵2080
686,섹스샵21
687,섹스서치
688,섹스선데이
689,섹스성인만화
690,섹스셀카
691,섹스소나타
692,섹스소라가이드
693,섹스소리
694,섹스시네
695,섹스심리
696,섹스씬
697,섹스아이디
698,섹스알리바바
699,섹스애니마나
700,섹스앤샵
701,섹스야다이즈
702,섹스야동
703,섹스야시네
704,섹스야호
705,섹스에니메이션
706,섹스에로
707,섹스에로스TV
708,섹스에로시안
709,섹스엔바이
710,섹스엔샵
711,섹스엠티비닷컴
712,섹스영상
713,섹스영화
714,섹스와레즈
715,섹스왈
716,섹스용품
717,섹스월
718,섹스월드
719,섹스웰
720,섹스인형
721,섹스일기
722,섹스자료실
723,섹스자세
724,섹스자진
725,섹스잡지
726,섹스재팬만화
727,섹스정보
728,섹스제이제이
729,섹스제팬
730,섹스제펜
731,섹스조선
732,섹스조아
733,섹스조인
734,섹스지존
735,섹스짱
736,섹스찌찌닷콤
737,섹스채널
738,섹스챗79
739,섹스천사
740,섹스천하
741,섹스체위
742,섹스촌
743,섹스캠프
744,섹스코러스
745,섹스코리아
746,섹스코리아21
747,섹스코리아79
748,섹스코리아DAMOIM
749,섹스코리아MOLCA
750,섹스코리아OK
751,섹스코리아TV
752,섹스코리아jp
753,섹스코리아warez
754,섹스코리아걸
755,섹스코리아넷
756,섹스코리아라이브
757,섹스코리아무비
758,섹스코리아성인엽기
759,섹스코리아섹스섹스코리아
760,섹스코리아소라가이드
761,섹스코리아소라의가이드
762,섹스코리아앤드섹스코리아
763,섹스코리아엑스섹스코리아
764,섹스코리아조선
765,섹스코리아포르노
766,섹스코리아하우스
767,섹스코치
768,섹스크림
769,섹스클럽
770,섹스킴
771,섹스타임
772,섹스타임69
773,섹스테잎
774,섹스테크닉
775,섹스토이샵
776,섹스토이코리아
777,섹스투데이
778,섹스트립
779,섹스파일
780,섹스파크
781,섹스포르노
782,섹스포르노molca
783,섹스포르노샵
784,섹스포르노트위스트김
785,섹스포섹스티비
786,섹스포유
787,섹스포인트
788,섹스포탈
789,섹스프리덤
790,섹스피아
791,섹스하까
792,섹스하네
793,섹스하리
794,섹스한국
795,섹스해죠
796,섹스헨타이
797,섹스호빠
798,섹스홀
799,섹시
800,섹시TV
801,섹시wave
802,섹시갤러리
803,섹시걸
804,섹시게이트
805,섹시나라
806,섹시나이트
807,섹시누드
808,섹시뉴스
809,섹시맵
810,섹시무비
811,섹시사진
812,섹시샵
813,섹시성인용품
814,섹시섹스코리아
815,섹시스타
816,섹시신문
817,섹시씨엔엔
818,섹시아이제이
819,섹시에로닷컴
820,섹시엔TV
821,섹시엔몰
822,섹시연예인
823,섹시재팬
824,섹시제팬
825,섹시제펜
826,섹시조선
827,섹시존
828,섹시짱
829,섹시촌
830,섹시코디
831,섹시코리아
832,섹시클럽
833,섹시클릭
834,섹시팅하자
835,섹시팬티
836,셀카
837,셀프카메라
838,소라가이드
839,소라가이드-에로천국
840,소라가이드TO
841,소라가이드앤소라가이드
842,소라가이드천사
843,소라스가이드
844,소라의MissTopic
845,소라의가이드
846,소라의섹스코리아가이드
847,소라의야설공작소
848,소라의프로포즈
849,소라즈가이드
850,쇼걸클럽
851,쇼우망가
852,쇼킹동영상
853,쇼킹섹스
854,쇼킹섹스코리아
855,쇼킹에로
856,숙모보지
857,스와핑
858,스타킹포유
859,신마담
860,실리콘하우스성인용품
861,심야TV
862,심한포르노
863,싸죠
864,싹쓰리닷컴
865,쌕쌕이티비
866,쌩molca
867,쌩몰카
868,쌩보지
869,쌩보지쑈
870,쌩쇼
871,쌩쑈
872,쌩포르노
873,씨누드21
874,씹
875,아마걸포르노
876,아색기가
877,아이러브섹스
878,아이러브에로스쿨
879,아이섹스스타
880,아이제이섹스
881,아일러브섹스티비
882,알몸
883,애로
884,애로영화
885,애마부인
886,애자매
887,야게임
888,야게임즈닷넷
889,야겜
890,야동
891,야동게시판
892,야사
893,야설
894,야설공작소
895,야설신화
896,야설의문
897,야시
898,야시25TV
899,야시MTV
900,야시molca
901,야시걸
902,야시꾸리
903,야시네
904,야시녀
905,야시랭크
906,야시룸
907,야시시
908,야시캠
909,야시코리아
910,야애니
911,야오이
912,야하네
913,야하다
914,야한
915,야한거
916,야한걸
917,야한것
918,야한게임
919,야한그림
920,야한놈
921,야한놈SEX
922,야한누드
923,야한동영상
924,야한만화
925,야한밤
926,야한밤TV
927,야한밤티브이
928,야한사이트
929,야한사진
930,야한소설
931,야한쇼닷컴
932,야한영화
933,야한이야기
934,야한클럽
935,야해
936,야해요
937,어덜트10000
938,어덜트TV
939,어덜트라이프
940,어덜트랜드
941,어덜트섹시성인영화관
942,어덜트존
943,어덜트천사TV
944,어덜트코믹플러스
945,어덜트탑10
946,어덜트피아
947,에로
948,에로2002
949,에로2030
950,에로69
951,에로69TV
952,에로79
953,에로걸즈
954,에로게이트
955,에로게임
956,에로관
957,에로극장
958,에로니폰
959,에로닷컴
960,에로당
961,에로데이
962,에로동
963,에로동영상
964,에로디비
965,에로무비
966,에로물
967,에로뮤직비디오
968,에로바다
969,에로방티브
970,에로배우
971,에로비
972,에로비디오
973,에로비안나이트
974,에로샵
975,에로세일
976,에로섹스TV
977,에로소라가이드
978,에로쇼
979,에로스
980,에로스TV
981,에로스데이
982,에로스아시아
983,에로스재팬
984,에로스코리아
985,에로스쿨
986,에로스타
987,에로스타일
988,에로스페셜
989,에로스포유
990,에로시네마
991,에로시안닷컴
992,에로시티
993,에로씨네
994,에로아시아
995,에로앤섹스
996,에로야
997,에로에스
998,에로엔조이
999,에로영화
1000,에로영화관
1001,에로올
1002,에로와이프
1003,에로이브
1004,에로존
1005,에로주
1006,에로촬영현장
1007,에로카
1008,에로클릭
1009,에로투유
1010,에로틱코리아
1011,에로파크
1012,에로패티시
1013,에로팬티
1014,에로플래쉬
1015,에로필름
1016,엑스노브라
1017,엑스모텔
1018,엑스투어덜트
1019,엔터채널
1020,여성성인용품
1021,여성자위기구
1022,여자보지
1023,연인사이성인샵
1024,엽기에로
1025,엽기적인섹스
1026,오나니
1027,오럴섹스
1028,오렌지야동
1029,오르가즘
1030,오마담
1031,오마이에로
1032,오마이포르노
1033,오빠아파
1034,오빠아파닷컴
1035,오빠아퍼
1036,오사카섹스
1037,오성인
1038,오섹스
1039,오섹스야
1040,오섹스테레비
1041,오예성인영화
1042,오이섹스
1043,오케이섹스
1044,오케이섹스TV
1045,오케이섹스molca포르노
1046,오케이섹스티비
1047,옷벗기기
1048,옷벗기기게임
1049,와우섹스
1050,왕가스
1051,용주골
1052,우라본섹스코리아
1053,울트라섹스제팬
1054,원조교제
1055,월드섹스
1056,웹섹스코리아
1057,유호필름
1058,은빛갤러리
1059,음모
1060,이반성인용품몰
1061,이섹스
1062,이승희
1063,인섹스69
1064,인터넷성인방송
1065,일본동영상
1066,일본망가
1067,일본미소녀
1068,일본뽀르노
1069,일본성인만화
1070,일본성인방송
1071,일본섹스
1072,일본포르노
1073,자위
1074,자위기구
1075,자위씬
1076,자위용품
1077,자위코리아
1078,자위행위
1079,자지
1080,재팬마나
1081,재팬만화
1082,재팬팬티
1083,정력강화용품
1084,정력팬티
1085,정력포탈
1086,정사씬모음
1087,정사채널
1088,정세희
1089,정양
1090,정우성인용품전문점
1091,제이제이일본성인만화
1092,졸라야한닷컴
1093,좆물
1094,좋은생활성인용품
1095,진도희
1096,진주희
1097,찌찌
1098,채널레드TV
1099,체위
1100,체위동영상
1101,카섹스
1102,칼라섹스
1103,코리아성인가이드
1104,코리아섹스
1105,코리아섹스샵
1106,코리아스트립닷컴
1107,코리아엑스파일
1108,코리아포로노
1109,코리안걸스
1110,코섹스
1111,콘돔
1112,콘돔나라
1113,콘돔닥터
1114,콘돔몰
1115,콘돔예스
1116,콘돔피아
1117,쿠키걸
1118,쿨에로
1119,크림걸
1120,클럽AV스타
1121,클럽에로
1122,킬링티비
1123,타부코리아
1124,토탈에로
1125,투앤투동거클럽
1126,트위스트김
1127,트위스트김섹스코리아
1128,트위스트김소라가이드
1129,트위스트킴
1130,특수콘돔
1131,패션앤섹스
1132,패티쉬
1133,패티쉬우먼
1134,팬티캔디
1135,페로몬
1136,페티걸
1137,페티쉬
1138,페티쉬러브
1139,페티쉬매거진
1140,페티쉬우먼
1141,페티쉬즘
1142,페티쉬코리아
1143,페티시
1144,펜트하우스
1145,포로노
1146,포르노
1147,포르노24시
1148,포르노CINEMA
1149,포르노CNN
1150,포르노TV
1151,포르노bozi
1152,포르노molca티비
1153,포르노porno섹스코리아
1154,포르노worldcup
1155,포르노yadong
1156,포르노yadong섹스코리아
1157,포르노그라피
1158,포르노로
1159,포르노마나
1160,포르노만화
1161,포르노바다
1162,포르노사진
1163,포르노세상
1164,포르노섹스
1165,포르노섹스TV
1166,포르노섹스마나
1167,포르노섹스소라가이드
1168,포르노섹스코리아
1169,포르노섹스코리아소라가이드
1170,포르노섹스트위스트김
1171,포르노업
1172,포르노오팔팔
1173,포르노월드
1174,포르노집닷컴
1175,포르노천국
1176,포르노천사
1177,포르노테이프
1178,포르노테입
1179,포르노테잎
1180,포르노티비2580
1181,포르노파티
1182,포르노플레이보이
1183,포르로
1184,포카리섹스
1185,프리섹스샵
1186,프리섹스성인용품
1187,프리섹스코리아
1188,플래이보이
1189,플레이보이
1190,플레이보이2030
1191,플레이보이소라가이드
1192,플레이보이온라인
1193,플레이보조개
1194,플레이보지
1195,플레이섹스
1196,피임기구
1197,피임용품
1198,핑크누드샵
1199,핑크섹스샵
1200,핑크코리아
1201,하드코어
1202,하리수누드
1203,하이텔성인CLUB+19
1204,한글섹스사이트
1205,한글섹스코리아
1206,한스테이성인
1207,핫도그TV
1208,핫성인용품
1209,핫섹스
1210,핫섹스재팬
1211,핫섹스코리아
1212,핫포르노
1213,핫포르노섹스
1214,항문섹스
1215,"해적,야동"
1216,해피데이21성인용품
1217,해피투섹스
1218,향기콘돔
1219,헤라러브샵
1220,헨타이
1221,헨타이망가
1222,헬로우콘돔
1223,헬프섹스
1224,홈섹스TV
1225,화이트섹스라인
1226,후이즈섹스
1227,후장
1228,훔쳐보기
1229,히든포르노
1230,세희네
1231,seheene
1232,세희네쩜넷
1233,무비왕
1234,av배우
1235,잠지만화
1236,야설소라의가이드
1237,섹시녀사진
1238,잠지
1239,uh-oh.com
1240,여성자위시대
1241,www.uh-oh.com
1242,bubunara
1243,공짜성인싸이트
1244,빈야와레즈
1245,코섹스넷
1246,강추야동
1247,케이섹스
1248,옷벗기기게임자신있는
1249,x386
1250,k양비디오
1251,tprtm
1252,옆기성인동영상
1253,잠지털게임
1254,성인사이트메로나
1255,K양
1256,메로나섹스
1257,live10tv.com
1258,옷벗기기게임잡지
1259,도쿄마나
1260,www.sex2848.com
1261,게시판섹스
1262,소라의
1263,섹스존
1264,산소와레즈
1265,야한거벌끈벌끈
1266,섹시포유
1267,한국야동
1268,두두와레즈
1269,섹스망가
1270,야겜usa
1271,포노
1272,야한게임만남의장소
1273,조쟁이.잠지.키스
1274,잠지hentai
1275,여자옷벗기기게임
1276,센스디스
1277,센스디스무비
1278,하소연
1279,성현아누드
1280,성현아누드집
1281,에로키위
1282,은주조갯살
1283,빨간궁뎅이
1284,바부와레즈
1285,당근와레즈
1286,게임와레즈
1287,누드모델가능해
1288,성인메로나
1289,우기와레즈
1290,성현아누드사진
1291,꽃게와레즈
1292,클릭와레즈
1293,"메로나,성인"
1294,야쿠르트와레즈
1295,오아시스걸
1296,스카이와레즈
1297,신마담와레즈
1298,럭키와레즈
1299,성인방송69채널
1300,야한놈엽기
1301,와레즈코리아
1302,우기의최강와레즈
1303,세희넷
1304,와레즈용
1305,와레즈79
1306,앙마와레즈
1307,스누피야동
1308,누드크로키
1309,59time
1310,공주야동
1311,와래즈$디아블로
1312,에로스토토
1313,블루와레즈
1314,www.live10tv.com
1315,키위와레즈
1316,영화와레즈
1317,www.sex012.com
1318,2040love
1319,성현아누두집
1320,심마담
1321,게시판아동
1322,광년이보지
1323,어두움와레즈
1324,샤먼와레즈
1325,섹시동영상성생활
1326,만두와레즈
1327,ya-han
1328,대박와레즈
1329,신마담pds
1330,69tv
1331,구멍야동
1332,worldsex.com
1333,최강와레즈
1334,게시판성현아
1335,sexy588
1336,몰카넷
1337,와레즈탑
1338,성현아누드갤러리
1339,야동자료실
1340,여고야동
1341,유민누드사진
1342,황수정야동
1343,게시판sex
1344,동거사이트
1345,게시판와레즈
1346,가시나와레즈
1347,어둠와레즈
1348,와레즈사이트
1349,와레즈게임
1350,해적와레즈
1351,퓨전와레즈
1352,유틸와레즈
1353,파랑새와레즈
1354,우기의와레즈
1355,꼬께와레즈
1356,미소녀사진
1357,확끈이와레즈
1358,쿨와레즈
1359,돼지와레즈
1360,브라운와레즈
1361,럭키월드와레즈
1362,무료와레즈
1363,참치와레즈
1364,와레즈타운
1365,메로나.co.kr
1366,메로나
1367,ㄴㄷㅌ
1368,원조tv
1369,빡촌
1370,울트라쏘세지
1371,울트라소세지
1372,목욕탕몰카
1373,은주조개살
1374,봉숙이
1375,live69tv
1376,오현경비디오
1377,꼬추
1378,애무
1379,와레즈
1380,warez
1381,오레즈
1382,오레즈와레즈
1383,졸라맨똥피하기게임다운로드
1384,짱와레즈
1385,짱와레즈닷컴
1386,h양비디오
1387,h양
1388,따무라
1389,무료포르노사이트
1390,야해요야동
1391,야시꾸리닷컴
1392,h양섹스비디오
1393,누드겔러리
1394,야덩
1395,미야리야동
1396,성인폰팅
1397,성인미팅
1398,성인번개
1399,성인만남
1400,성인전화
1401,성인벙개
1402,성인킹카
1403,성인퀸카
1404,졸라섹스
1405,재벌딸포르노
1406,재벌포르노
1407,딸포르노
1408,재벌딸동영상
1409,맛있는섹스
1410,맛있는섹스그리고사랑
1411,미씨촌
1412,권민중누드
1413,권민중누드집
1414,이브의욕망
1415,동거
1416,폰섹스
1417,전화방
1418,번개팅
1419,폰팅
1420,교제알선
1421,클리토리스
1422,포르노사이트
1423,성인정보검색
1424,성인전용서비스
1425,따무라야동
1426,노팬티
1427,딜도
1428,마스터베이션
1429,망까
1430,머니헌터
1431,멜섭
1432,몰래
1433,바구리
1434,밤일
1435,번색
1436,본디지
1437,부랄
1438,빙신
1439,빠걸
1440,빠꾸리
1441,빠라
1442,빠라줘
1443,빨간마후라
1444,빨강마후라
1445,빨기
1446,빨어
1447,빽보지
1448,뽀로노
1449,사까치
1450,색골
1451,성감대
1452,성생활
1453,세엑
1454,섹골
1455,섹녀
1456,섹도우즈
1457,섹무비
1458,섹보지
1459,섹소리
1460,섹티즌
1461,섹할
1462,쇼킹
1463,수타킹
1464,스트립쑈
1465,스쿨걸
1466,쌕스
1467,에니탑
1468,야껨
1469,야똥
1470,야섹
1471,영계
1472,오랄
1473,유흥
1474,육봉
1475,잡년
1476,잡놈
1477,재랄
1478,저년
1479,정사
1480,조루
1481,쫒
1482,크리토리스
1483,페니스
1484,패티시
1485,페팅
1486,펜티
1487,펨돔
1488,펨섭
1489,포르느
1490,핸타이
1491,헴타이
1492,호빠
1493,혼음
1494,bdsm
1495,bo지
1496,bozi
1497,c2joy
1498,dildo
1499,haduri
1500,hardcore
1501,hentai
1502,IJ
1503,jaji
1504,jgirls
1505,kgirls
1506,nallari
1507,playbog
1508,porn
1509,1090tv
1510,2c8
1511,99bb
1512,민셩야설
1513,보짓
1514,빠굴
1515,빠순이
1516,빨아
1517,뻐킹
1518,수간
1519,쌕쉬
1520,쎄끈
1521,와래즈
1522,애널
1523,오럴
1524,육갑
1525,윤간
1526,음욕
1527,음탕
1528,쪼가리
1529,컴섹
1530,폰색
1531,호스트빠
1532,fuck
1533,gangbang
1534,jfantasy
1535,jasal
1536,playbozi
1537,prno
1538,귀두
1539,구멍
1540,난교
1541,도촬
1542,바이브레이터
1543,불륜
1544,뻐르너
1545,뻐르노
1546,뻘노
1547,뽀르너
1548,뽀지
1549,뽈노
1550,삽입
1551,색쓰
1552,섹쑤
1553,섹쓰
1554,수음
1555,스너프
1556,스왑
1557,애액
1558,엑스터시
1559,야근병동
1560,음란
1561,음부
1562,이반
1563,젖
1564,최음제
1565,치마속
1566,패니스
1567,팬티
1568,퍼르노
1569,포경
1570,포르너
1571,폰쎅
1572,히로뽕
1573,asiangirl
1574,ecstasy
1575,hidden
1576,oral
1577,penis
1578,penthouse
1579,porner
1580,suck
1581,swaping
1582,18
1583,넣어줘
1584,무삭제원판
1585,색녀
1586,좃물
1587,퇴폐이발소
1588,보짓물
1589,무료성인소설
1590,씹물
1591,스와핑모임
1592,부부교환섹스
1593,섹스나이트
1594,섹스경험담
1595,sora's
1596,봉숙이야동
1597,보지빨기
1598,여자옷벗기기
1599,폰섹
1600,캠빨
1601,김완선누드
1602,김완선누드집
1603,이혜영누드
1604,이혜영누드집
1605,이주현누드
1606,이주현누드집
1607,이주현nude
1608,김완선nude
1609,이혜영nude
1610,이지현누드
1611,이지현누드집
1612,지현누드집
1613,이지현누드사진
1614,이지현누드샘플
1615,화상폰팅
1616,티켓다방
1617,여자따먹기
1618,보지먹기
1619,보지따기
1620,포르노키위
1621,포르노배우
1622,성인포르노
1623,공짜포르노
1624,포르노스타
1625,한국포르노
1626,포르노비디오
1627,백지영포르노
1628,포르노자키
1629,슬림페티쉬
1630,무료페티쉬
1631,스타킹페티쉬
1632,무료성인게시판
1633,자위방법
1634,여자자위
1635,화장실몰카
1636,몰카동영상
1637,여고생몰카
1638,몰카리스트
1639,스와핑몰카
1640,이발소몰카
1641,몰카사진
1642,몰카사이트
1643,백지영몰카
1644,변태사진
1645,변태게임
1646,변태만화
1647,변태이야기
1648,변태섹스
1649,변태사이트
1650,아줌마보지
1651,아줌마섹스
1652,아줌마페티쉬
1653,아줌마야동
1654,자지털
1655,보지자지
1656,자지빨기
1657,헤어누드
1658,남자누드
1659,연예인누드
1660,세미누드
1661,고소영누드
1662,셀프누드
1663,무료누드
1664,이효리누드
1665,이혜영누드사진
1666,누드동영상
1667,이헤영누드
1668,여자누드
1669,남성누드
1670,야설게시판
1671,소라야설
1672,무료성인야설
1673,소라의야설
1674,야설록
1675,공짜야설
1676,소라가이드야설
1677,소라의야설가이드
1678,소라야설공작소
1679,야한미소녀
1680,미아리야동
1681,빠구리야동
1682,무료섹스페티쉬
1683,함소원누드
1684,함소원
1685,함소원누드집
1686,함소원nude
1687,소원누드
1688,소원누드집
1689,함소원헤어누드
1690,함소원누드사진
1691,함소원누두
1692,함소원누드보기
1693,자살
1694,음독
1695,청산가리
1696,청산가루
1697,테마샵
1698,테마몰
1699,테마가게
1700,테마상점
1701,모바일몰
1702,모바일샵
1703,브랜드샵
1704,스타샵
1705,선물상점
1706,음반상점
1707,음악상점
1708,카페상점
1709,까페상점
1710,카패상점
1711,카페상점
1712,음반가게
1713,음반샵
1714,음반몰
1715,신고센터
1716,뮤직샵
1717,뮤직몰
1718,음악샵
1719,음악가게
1720,음악몰
1721,우수고객
1722,도우미
1723,고객센터
1724,고객센타
1725,고객샌터
1726,고객샌타
1727,할인쿠폰
1728,카페몰
1729,카페샵
1730,까페몰
1731,까페샵
1732,카패몰
1733,카페샵
1734,까패몰
1735,까패샵
1736,캐릭터몰
1737,캐릭터샵
1738,케릭터몰
1739,케릭터샵
1740,게임머니
1741,가게주인
1742,기프트샵
1743,기프트몰
1744,아이템샵
1745,아이템몰
1746,아바타샵
1747,아바타몰
1748,쾌스천맨
1749,쾌스천걸
1750,퀘스천맨
1751,퀘스천걸
1752,선물가게
1753,선물몰
1754,선물샵
1755,아바타
1756,주인장
1757,블로거
1758,블로깅
1759,불로거
1760,불로깅
1761,볼로거
1762,볼로깅
1763,볼르거
1764,볼르깅
1765,불르거
1766,불르깅
1767,블로그
1768,블르그
1769,불로그
1770,불르그
1771,볼로그
1772,볼르그
1773,네이버
1774,내이버
1775,운영자
1776,관리자
1777,어드민
1778,마스터
1779,엔에치엔
1780,엔에치앤
1781,엔애치앤
1782,엔애치엔
1783,앤에치엔
1784,앤에치앤
1785,앤애치앤
1786,앤애치엔
1787,엔에취엔
1788,엔에취앤
1789,엔애치앤
1790,엔애취엔
1791,앤에취엔
1792,앤에취앤
1793,앤애취앤
1794,앤애취엔
1795,페이퍼
1796,지식인
1797,쥬니버
1798,미즈클럽
1799,토크광장
1800,포토앨범
1801,마이홈
1802,엔메거진
1803,앤메거진
1804,엔매거진
1805,앤매거진
1806,미즈네
1807,키워드샵
1808,엔토이
1809,폴에버
1810,폴애버
1811,한게임
1812,한개임
1813,엔토이
1814,앤토이
1815,블로그씨
1816,블로그
1817,네이버
1818,내이버
1819,운영자
1820,관리자
1821,어드민
1822,마스터
1823,엔에치엔
1824,엔에치앤
1825,엔애치앤
1826,엔애치엔
1827,앤에치엔
1828,앤에치앤
1829,앤애치앤
1830,앤애치엔
1831,엔에취엔
1832,엔에취앤
1833,엔애치앤
1834,엔애취엔
1835,앤에취엔
1836,앤에취앤
1837,앤애취앤
1838,앤애취엔
1839,페이퍼
1840,지식인
1841,쥬니버
1842,미즈클럽
1843,토크광장
1844,포토앨범
1845,마이홈
1846,엔메거진
1847,앤메거진
1848,엔매거진
1849,앤매거진
1850,미즈네
1851,키워드샵
1852,엔토이
1853,폴에버
1854,폴애버
1855,한게임
1856,한개임
1857,엔토이
1858,앤토이
1859,매니저
1860,메니저
1861,매니져
1862,메니져
1863,스탭
1864,스텝
1865,갈보
1866,강간
1867,개년
1868,개놈
1869,개뇬
1870,개보지
1871,개삽년
1872,개새끼
1873,개세이
1874,개쉐이
1875,개자식
1876,개자지
1877,개지랄
1878,그룹섹스
1879,까자
1880,꼬추
1881,노브라
1882,니미
1883,니미랄
1884,니미럴
1885,니애미
1886,니에미
1887,등신
1888,딸딸이
1889,또라이
1890,레즈비언
1891,멜섹
1892,몰카
1893,문섹
1894,미친넘
1895,미친년
1896,미친놈
1897,미친뇬
1898,번색
1899,번색
1900,번섹
1901,번섹
1902,번쌕
1903,병신
1904,보지
1905,본디지
1906,부랄
1907,부부교환
1908,불알
1909,빙신
1910,빠구리
1911,빠굴
1912,빠꾸리
1913,빡우리
1914,빡울
1915,뽀르노
1916,새꺄
1917,새끈
1918,새끈남
1919,새끈녀
1920,새끼
1921,색남
1922,색녀
1923,색녀
1924,색스
1925,색폰
1926,성인만화
1927,성인물
1928,성인소설
1929,성인엽기
1930,성인영화
1931,성인용
1932,성인용품
1933,성인잡지
1934,세꺄
1935,섹
1936,섹  스
1937,섹 스
1938,섹녀
1939,섹스
1940,섹스
1941,쉬팔
1942,쉬펄
1943,스발
1944,스와핑
1945,스와핑
1946,시발
1947,시벌
1948,시파
1949,시펄
1950,십팔금
1951,쌍넘
1952,쌍년
1953,쌍놈
1954,쌔
1955,쌔깐
1956,쌔끈
1957,쌕쓰
1958,쌕폰
1959,썅
1960,썅넘
1961,썅년
1962,썅놈
1963,썅놈
1964,쒸팔
1965,쒸펄
1966,쓰바
1967,씌팍
1968,씨바
1969,씨발
1970,씨발
1971,씨발
1972,씨발넘
1973,씨발년
1974,씨발놈
1975,씨발뇬
1976,씨방
1977,씨방새
1978,씨버럴
1979,씨벌
1980,씨보랄
1981,씨보럴
1982,씨부랄
1983,씨부럴
1984,씨부리
1985,씨불
1986,씨불
1987,씨브랄
1988,씨파
1989,씨파
1990,씨팍
1991,씨팔
1992,씨팔
1993,씨펄
1994,씹
1995,씹물
1996,씹보지
1997,씹새
1998,씹새끼
1999,씹색
2000,씹세
2001,씹세이
2002,씹쉐
2003,씹쉐이
2004,씹쌔
2005,씹쌔기
2006,씹자지
2007,씹창
2008,씹탱
2009,씹탱구리
2010,씹팔
2011,씹펄
2012,씹할
2013,야동
2014,야동
2015,야사
2016,야사
2017,야설
2018,야설
2019,야캠
2020,야캠
2021,야한
2022,야한동영상
2023,야한사이트
2024,야한사진
2025,에로
2026,에로
2027,오랄
2028,와레즈
2029,와레즈
2030,원조
2031,원조교재
2032,원조교제
2033,원조교제
2034,음란
2035,자위
2036,자지
2037,자지
2038,정품게임
2039,젖꼭지
2040,젖탱
2041,젖탱
2042,젖탱이
2043,젼나
2044,조까
2045,조까
2046,졸라
2047,좃
2048,좃나
2049,좃나게
2050,좆
2051,좆같
2052,좆꼴리
2053,좆나
2054,좆나게
2055,좆빠
2056,좇
2057,좇
2058,좇같
2059,좇꼴려
2060,좇꼴리
2061,좇빠
2062,지랄
2063,지랄
2064,지미랄
2065,체모
2066,캠색
2067,캠섹
2068,캠섹
2069,컴색
2070,컴색
2071,컴섹
2072,컴섹
2073,팬티
2074,페니스
2075,페니스
2076,페티쉬
2077,포르노
2078,포르노
2079,폰색
2080,폰색
2081,폰섹
2082,폰섹
2083,폰섹
2084,폰쌕
2085,헨타이
2086,호로새끼
2087,호빠
2088,호스테스바
2089,호스트바
2090,화상색
2091,화상섹
2092,자살
2093,음독
2094,청산가리
2095,청산가
